編號,屋齡,建物移轉面積平方公尺,主要用途,主要建材,建築完成日期,總層數,建物分層
The serial number,room age,building shifting area square meter,the main use,main building materials,construction completes the date,total layer,building lamination
RPQNMLTKJINFFCM56CA,47,102.69,住家用,鋼筋混凝土加強磚造,61年3月1日,二層,一層 二層
RPTNMLTLJINFFCM96CA,47,80.91,住家用,磚造,60年1月20日,一層,一層 見其他登記事項
RPQNMLTKJINFFAM98CA,33,115.50,住家用,鋼筋混凝土造,74年5月22日,二層,一層 二層
RPPNMLTKJINFFDM56CA,23,26.14,見其他登記事項,鋼筋混凝土造,85年3月9日,七層,二層
RPPNMLTKJINFFDM56CA,23,4.80,見其他登記事項,鋼筋混凝土造,85年3月9日,七層,
RPPNMLTKJINFFDM56CA,23,5.71,見其他登記事項,鋼筋混凝土造,85年3月9日,七層,
RPOOMLOKJINFFBM48CA,1,169.66,見其他登記事項,鋼筋混凝土造,107年1月5日,四層,一層 二層 三層 四層
RPPOMLPKJINFFBM68CA,2,236.89,見其他登記事項,鋼筋混凝土造,106年3月27日,三層,一層 二層 三層 見其他登記事項
RPPNMLNKJINFFCM48CA,24,86.95,見其他登記事項,鋼筋混凝土造,83年12月31日,十二層,四層
RPPNMLNKJINFFCM48CA,24,20.05,見其他登記事項,鋼筋混凝土造,83年12月31日,十二層,
RPPNMLOKJINFFCM58CA,25,132.73,住家用,鋼筋混凝土造,82年11月4日,三層,一層 二層 三層
RPXNMLQKJINFFBM86CA,2,173.86,見其他登記事項,鋼筋混凝土造,105年12月1日,三層,一層 二層 三層 見其他登記事項
RPOOMLPKJINFFBM58CA,1,60.16,見其他登記事項,鋼筋混凝土造,106年12月20日,九層,五層
RPOOMLPKJINFFBM58CA,1,29.80,見其他登記事項,鋼筋混凝土造,106年12月20日,九層,
RPRPMLLLJINFFBM68CA,23,76.24,住家用,鋼筋混凝土造,84年12月20日,七層,四層
RPRPMLLLJINFFBM68CA,23,24.17,見其他登記事項,鋼筋混凝土造,84年12月20日,七層,
RPRNMLPKJINFFAM68CA,40,69.96,住家用,鋼筋混凝土加強磚造,67年8月10日,二層,一層 二層
RPXNMLPKJINFFBM76CA,46,157.05,見其他登記事項,鋼筋混凝土加強磚造,62年1月22日,三層,一層 二層 三層 騎樓
RPWNMLTLJINFFBM17CA,3,298.60,見其他登記事項,鋼筋混凝土造,105年3月23日,四層,一層 二層 三層 四層 見其他登記事項
RPRNMLKLJINFFCM48CA,38,75.08,住商用,見其他登記事項,70年1月16日,二層,一層 二層
RPWNMLNLJINFFAM09CA,5,231.14,見其他登記事項,鋼筋混凝土造,103年4月11日,三層,一層 二層 三層 屋頂突出物
RPQNMLMLJINFFDM68CA,4,191.09,見其他登記事項,鋼筋混凝土造,103年12月27日,三層,一層 二層 三層 見其他登記事項
RPRNMLOLJINFFDM98CA,,147.28,住家用,鋼筋混凝土造,107年7月5日,三層,一層 二層 三層
RPQNMLOLJINFFDM88CA,,147.28,住家用,鋼筋混凝土造,107年7月5日,三層,一層 二層 三層
RPPNMLOLJINFFDM78CA,,147.28,住家用,鋼筋混凝土造,107年7月5日,三層,一層 二層 三層
RPTNMLRJKINFFCM66CA,25,149.05,見其他登記事項,鋼筋混凝土造,83年2月3日,四層,一層 二層 三層 四層
RPUNMLQKJINFFCM66CA,4,228.62,見其他登記事項,鋼筋混凝土造,104年3月30日,四層,一層 二層 三層 四層 見其他登記事項
RPRNMLRKJINFFBM98CA,11,207.56,住商用,鋼筋混凝土造,96年4月16日,四層,一層 二層 三層 四層
RPRNMLQKJINFFBM88CA,,79.06,見其他登記事項,鋼筋混凝土造,107年6月7日,十五層,五層
RPRNMLQKJINFFBM88CA,,72.49,見其他登記事項,鋼筋混凝土造,107年6月7日,十五層,
RPSNMLQKJINFFBM98CA,,87.31,見其他登記事項,鋼筋混凝土造,107年6月7日,十五層,四層
RPSNMLQKJINFFBM98CA,,76.49,見其他登記事項,鋼筋混凝土造,107年6月7日,十五層,
RPSOMLLLJINFFBM68CA,,60.76,見其他登記事項,鋼筋混凝土造,107年8月6日,十一層,五層
RPSOMLLLJINFFBM68CA,,39.11,見其他登記事項,鋼筋混凝土造,107年8月6日,十一層,
RPUOMLLLJINFFBM88CA,,65.06,見其他登記事項,鋼筋混凝土造,107年8月6日,十一層,九層
RPUOMLLLJINFFBM88CA,,55.15,見其他登記事項,鋼筋混凝土造,107年8月6日,十一層,
RPPNMLQKJINFFBM68CA,,294.05,見其他登記事項,鋼筋混凝土造,107年9月10日,四層,一層 二層 三層 四層 見其他登記事項
RPRNMLQKJINFFAM78CA,1,269.74,住家用,鋼筋混凝土造,106年8月2日,四層,一層 二層 三層 四層
RPTNMLQKJINFFBM09CA,,74.14,見其他登記事項,鋼筋混凝土造,107年6月7日,十五層,十一層
RPTNMLQKJINFFBM09CA,,70.18,見其他登記事項,鋼筋混凝土造,107年6月7日,十五層,
SPTNMLQKJINFFBM56CA,,79.06,見其他登記事項,鋼筋混凝土造,107年6月7日,十五層,十一層
SPTNMLQKJINFFBM56CA,,72.49,見其他登記事項,鋼筋混凝土造,107年6月7日,十五層,
RPUNMLQKJINFFBM56CA,,79.06,見其他登記事項,鋼筋混凝土造,107年6月7日,十五層,三層
RPUNMLQKJINFFBM56CA,,72.49,見其他登記事項,鋼筋混凝土造,107年6月7日,十五層,
RPXNMLLLJINFFAM98CA,18,82.41,住商用,見其他登記事項,90年3月15日,三層,一層 二層 三層 騎樓
RPVNMLQKJINFFBM66CA,,92.35,見其他登記事項,鋼筋混凝土造,107年6月7日,十五層,六層
RPVNMLQKJINFFBM66CA,,78.87,見其他登記事項,鋼筋混凝土造,107年6月7日,十五層,
RPWNMLQKJINFFBM76CA,,113.87,見其他登記事項,鋼筋混凝土造,107年6月7日,十五層,八層
RPWNMLQKJINFFBM76CA,,89.02,見其他登記事項,鋼筋混凝土造,107年6月7日,十五層,
RPRNMLNLJINFFAM58CA,24,133.89,住家用,鋼筋混凝土造,83年9月30日,三層,一層 二層 三層 夾層
SPRNMLKLJINFFBM48CA,,113.87,見其他登記事項,鋼筋混凝土造,107年6月7日,十五層,十層
SPRNMLKLJINFFBM48CA,,89.02,見其他登記事項,鋼筋混凝土造,107年6月7日,十五層,
RPPNMLKLJINFFEM48CA,38,118.80,住家用,鋼筋混凝土加強磚造,69年9月16日,二層,一層 二層
RPRNMLKLJINFFBM38CA,,100.40,見其他登記事項,鋼筋混凝土造,107年6月7日,十五層,九層
RPRNMLKLJINFFBM38CA,,117.62,見其他登記事項,鋼筋混凝土造,107年6月7日,十五層,
RPVNMLTLJINFFBM07CA,,373.20,住家用,鋼筋混凝土造,107年4月24日,四層,一層 二層 三層 四層 見其他登記事項
RPWNMLTKJINFFAM07DA,37,264.35,住商用,鋼筋混凝土加強磚造,70年6月22日,三層,一層 二層 三層 騎樓
RPQNMLNLJINFFCM68CA,2,165.34,見其他登記事項,鋼筋混凝土造,105年11月29日,三層,一層 二層 三層 屋頂突出物
RPVNMLKLJINFFAM78DA,18,197.89,住家用,鋼筋混凝土造,90年2月27日,三層,一層 二層 三層 屋頂突出物 地下層
RPVNMLKLJINFFAM78DA,18,16.53,見其他登記事項,鋼筋混凝土造,90年2月27日,三層,
RPTNMLKLJINFFBM58CA,,113.87,見其他登記事項,鋼筋混凝土造,107年6月7日,十五層,九層
RPTNMLKLJINFFBM58CA,,89.02,見其他登記事項,鋼筋混凝土造,107年6月7日,十五層,
RPSNMLKLJINFFBM48CA,,113.87,見其他登記事項,鋼筋混凝土造,107年6月7日,十五層,七層
RPSNMLKLJINFFBM48CA,,89.02,見其他登記事項,鋼筋混凝土造,107年6月7日,十五層,
RPOOMLLLJINFFBM28CA,,74.14,見其他登記事項,鋼筋混凝土造,107年6月7日,十五層,十層
RPOOMLLLJINFFBM28CA,,70.18,見其他登記事項,鋼筋混凝土造,107年6月7日,十五層,
RPVNMLLLJINFFBM88CA,,74.14,見其他登記事項,鋼筋混凝土造,107年6月7日,十五層,十四層
RPVNMLLLJINFFBM88CA,,70.18,見其他登記事項,鋼筋混凝土造,107年6月7日,十五層,
RPPOMLLLJINFFBM38CA,,87.31,見其他登記事項,鋼筋混凝土造,107年6月7日,十五層,三層
RPPOMLLLJINFFBM38CA,,76.49,見其他登記事項,鋼筋混凝土造,107年6月7日,十五層,
RPWNMLLLJINFFBM98CA,,87.31,見其他登記事項,鋼筋混凝土造,107年6月7日,十五層,十二層
RPWNMLLLJINFFBM98CA,,111.47,見其他登記事項,鋼筋混凝土造,107年6月7日,十五層,
RPVNMLNLJINFFBM09CA,38,66.79,住家用,磚造,69年5月5日,一層,一層
RPSNMLKMJINFFDM78CA,31,187.89,農舍,鋼筋混凝土加強磚造,76年10月27日,二層,一層 二層 騎樓
RPVNMLLLJINFFAM78CA,18,89.44,農舍,鋼筋混凝土造,90年3月13日,一層,一層
RPSOMLKLJINFFAM48CA,28,203.28,住商用,鋼筋混凝土造,79年12月6日,三層,一層 二層 三層 騎樓
RPUNMLTLJINFFAM86CA,1,152.22,見其他登記事項,鋼筋混凝土造,106年11月23日,三層,一層 二層 三層 見其他登記事項
RPUNMLLKKINFFAM68CA,,224.08,住家用,鋼筋混凝土造,107年8月3日,四層,一層 二層 三層 四層
RPQNMLPJKINFFAM58CA,24,99.65,住家用,鋼筋混凝土造,83年7月19日,四層,一層 二層 三層 四層 地下層
RPQNMLPJKINFFAM58CA,24,9.22,住家用,鋼筋混凝土造,83年7月19日,四層,
RPTNMLMLJINFFAM68CA,38,102.48,住商用,鋼筋混凝土加強磚造,69年7月1日,二層,一層 二層 騎樓
RPSNMLOJKINFFAM68CA,5,67.58,住家用,見其他登記事項,103年1月14日,一層,一層
RPPNMLPJKINFFAM48CA,24,99.65,住家用,鋼筋混凝土造,83年7月19日,四層,一層 二層 三層 四層 地下層
RPPNMLPJKINFFAM48CA,24,9.22,住家用,鋼筋混凝土造,83年7月19日,四層,
RPWPMLLLJINFFBM56CA,3,63.11,見其他登記事項,鋼筋混凝土造,104年10月16日,十一層,八層
RPWPMLLLJINFFBM56CA,3,67.12,見其他登記事項,鋼筋混凝土造,104年10月16日,十一層,
RPTOMLLLJINFFBM78CA,,113.87,見其他登記事項,鋼筋混凝土造,107年6月7日,十五層,十二層
RPTOMLLLJINFFBM78CA,,89.02,見其他登記事項,鋼筋混凝土造,107年6月7日,十五層,
SPTOMLLLJINFFBM88CA,,92.35,見其他登記事項,鋼筋混凝土造,107年6月7日,十五層,十二層
SPTOMLLLJINFFBM88CA,,78.87,見其他登記事項,鋼筋混凝土造,107年6月7日,十五層,
RPXNMLLLJINFFBM09CA,,74.14,見其他登記事項,鋼筋混凝土造,107年6月7日,十五層,七層
RPXNMLLLJINFFBM09CA,,70.18,見其他登記事項,鋼筋混凝土造,107年6月7日,十五層,
RPWOMLLLJINFFBM09CA,,100.40,見其他登記事項,鋼筋混凝土造,107年6月7日,十五層,十二層
RPWOMLLLJINFFBM09CA,,82.64,見其他登記事項,鋼筋混凝土造,107年6月7日,十五層,
RPOOMLKMJINFFAM18CA,,183.04,見其他登記事項,鋼筋混凝土造,107年4月26日,四層,一層 二層 三層 四層 見其他登記事項
RPVOMLLLJINFFBM98CA,,92.32,見其他登記事項,鋼筋混凝土造,107年6月7日,十五層,九層
RPVOMLLLJINFFBM98CA,,78.87,見其他登記事項,鋼筋混凝土造,107年6月7日,十五層,
RPQOMLLLJINFFBM48CA,,74.14,見其他登記事項,鋼筋混凝土造,107年6月7日,十五層,八層
RPQOMLLLJINFFBM48CA,,70.18,見其他登記事項,鋼筋混凝土造,107年6月7日,十五層,
RPTNMLKLJINFFAM48CA,23,143.68,住家用,鋼筋混凝土造,85年3月10日,一層,一層 騎樓
RPXOMLLLJINFFBM56CA,,74.14,見其他登記事項,鋼筋混凝土造,107年6月7日,十五層,十二層
RPXOMLLLJINFFBM56CA,,70.18,見其他登記事項,鋼筋混凝土造,107年6月7日,十五層,
RPVNMLKLJINFFDM98CA,33,254.32,住商用,鋼筋混凝土加強磚造,74年7月2日,四層,一層 二層 三層 四層 騎樓
RPTOMLMKKINFFBM88CA,16,164.90,住家用,鋼筋混凝土造,92年3月24日,三層,一層 二層 三層 屋頂突出物
RPOPMLLLJINFFBM38CA,,92.35,見其他登記事項,鋼筋混凝土造,107年6月7日,十五層,七層
RPOPMLLLJINFFBM38CA,,78.87,見其他登記事項,鋼筋混凝土造,107年6月7日,十五層,
RPQNMLOKKINFFDM88CA,18,185.15,住家用,見其他登記事項,89年9月11日,三層,一層 二層 三層
RPRNMLPJKINFFDM98CA,25,94.79,見其他登記事項,鋼筋混凝土造,82年4月29日,五層,三層
RPRNMLPJKINFFDM98CA,25,21.34,見其他登記事項,鋼筋混凝土造,82年4月29日,五層,
RPRNMLMLJINFFCM68CA,21,128.68,住家用,鋼筋混凝土加強磚造,87年1月16日,二層,一層 二層
RPPNMLMLJINFFCM58DA,,153.61,住家用,鋼筋混凝土造,107年5月15日,三層,一層 二層 三層
RPSNMLLLJINFFAM58DA,41,119.81,住家用,加強磚造,67年1月1日,三層,一層 二層 三層
RPROMLLLJINFFBM58CA,,87.31,見其他登記事項,鋼筋混凝土造,107年6月7日,十五層,八層
RPROMLLLJINFFBM58CA,,76.49,見其他登記事項,鋼筋混凝土造,107年6月7日,十五層,
RPXNMLOKKINFFCM86CA,23,118.02,住家用,鋼筋混凝土造,84年7月13日,三層,一層 二層 三層
RPPPMLLLJINFFBM48CA,,87.31,見其他登記事項,鋼筋混凝土造,107年6月7日,十五層,七層
RPPPMLLLJINFFBM48CA,,76.49,見其他登記事項,鋼筋混凝土造,107年6月7日,十五層,
RPQPMLLLJINFFBM58CA,,87.31,見其他登記事項,鋼筋混凝土造,107年6月7日,十五層,九層
RPQPMLLLJINFFBM58CA,,76.49,見其他登記事項,鋼筋混凝土造,107年6月7日,十五層,
RPPNMLRLJINFFEM56CA,41,78.68,住家用,鋼筋混凝土加強磚造,67年4月10日,二層,一層 二層
RPWNMLLLJINFFAM88CA,23,23.47,住家用,鋼筋混凝土造,85年4月10日,七層,三層
RPWNMLLLJINFFAM88CA,23,8.77,見其他登記事項,鋼筋混凝土造,85年4月10日,七層,
RPSNMLMLJINFFBM68CA,,293.92,見其他登記事項,鋼筋混凝土造,107年9月10日,四層,一層 二層 三層 四層 見其他登記事項
RPTNMLMLJINFFBM78CA,,293.92,見其他登記事項,鋼筋混凝土造,107年9月10日,四層,一層 二層 三層 四層 見其他登記事項
RPOOMLLLJINFFAM18CA,4,167.75,見其他登記事項,鋼筋混凝土造,103年10月23日,四層,一層 二層 三層 四層
RPOOMLLLJINFFAM18CA,4,.31,住家用,鋼筋混凝土造,103年10月23日,一層,一層
RPRNMLQLJINFFAM88CA,22,192.28,住家用,鋼筋混凝土造,85年5月2日,三層,一層 二層 三層 屋頂突出物
RPPNMLTKKINFFAM98CA,21,86.72,住家用,鋼筋混凝土造,86年9月19日,十四層,十四層
RPPNMLTKKINFFAM98CA,21,21.62,見其他登記事項,鋼筋混凝土造,86年9月19日,十四層,
RPTNMLOKKINFFAM88CA,18,176.26,住家用,鋼筋混凝土造,89年12月13日,三層,一層 二層 三層 屋頂突出物
RPTNMLNLJINFFAM78CA,17,276.99,住商用,鋼筋混凝土造,90年8月30日,四層,一層 二層 三層 四層 屋頂突出物 騎樓
RPTNMLQLJINFFAM09CA,17,303.63,住家用,鋼筋混凝土造,90年4月30日,三層,一層 二層 三層
RPSNMLOKKINFFAM78CA,14,166.62,住家用,鋼筋混凝土造,93年12月2日,三層,一層 二層 三層 屋頂突出物
RPUNMLMLJINFFBM88CA,48,114.40,住家用,鋼筋混凝土加強磚造,59年5月9日,三層,一層 二層 三層
RPTNMLQLJINFFBM56CA,,92.35,見其他登記事項,鋼筋混凝土造,107年6月7日,十五層,十層
RPTNMLQLJINFFBM56CA,,78.87,見其他登記事項,鋼筋混凝土造,107年6月7日,十五層,
RPSNMLQLJINFFBM09CA,,92.35,見其他登記事項,鋼筋混凝土造,107年6月7日,十五層,九層
RPSNMLQLJINFFBM09CA,,78.87,見其他登記事項,鋼筋混凝土造,107年6月7日,十五層,
RPPOMLQLJINFFBM88CA,,92.32,見其他登記事項,鋼筋混凝土造,107年6月7日,十五層,十五層
RPPOMLQLJINFFBM88CA,,78.87,見其他登記事項,鋼筋混凝土造,107年6月7日,十五層,
RPUNMLQLJINFFBM66CA,5,97.50,見其他登記事項,鋼筋混凝土造,103年4月23日,六層,三層
RPUNMLQLJINFFBM66CA,5,40.18,見其他登記事項,鋼筋混凝土造,103年4月23日,六層,
RPVNMLSKKINFFAM86CA,17,122.61,住家用,鋼筋混凝土造,91年2月1日,二層,一層 二層
RPUNMLTLJINFFBM96CA,16,146.96,住家用,鋼骨鋼筋混凝土造,91年12月2日,三層,一層 二層 三層 電梯樓梯間
RPQNMLRLJINFFAM88CA,1,239.13,住家用,鋼筋混凝土造,107年1月18日,四層,一層 二層 三層 四層
RPQNMLRLJINFFBM98CA,,100.40,見其他登記事項,鋼筋混凝土造,107年6月7日,十五層,七層
RPQNMLRLJINFFBM98CA,,82.64,見其他登記事項,鋼筋混凝土造,107年6月7日,十五層,
RPRNMLRLJINFFBM09CA,,87.31,見其他登記事項,鋼筋混凝土造,107年6月7日,十五層,十層
RPRNMLRLJINFFBM09CA,,76.49,見其他登記事項,鋼筋混凝土造,107年6月7日,十五層,
RPPNMLRLJINFFBM88CA,,100.40,見其他登記事項,鋼筋混凝土造,107年6月7日,十五層,三層
RPPNMLRLJINFFBM88CA,,82.64,見其他登記事項,鋼筋混凝土造,107年6月7日,十五層,
RPWNMLMLJINFFCM56CA,14,94.46,見其他登記事項,鋼筋混凝土造,93年10月5日,十層,八層
RPWNMLMLJINFFCM56CA,14,34.04,見其他登記事項,鋼筋混凝土造,93年10月5日,十層,
RPRNMLMLJINFFBM58CA,,333.50,見其他登記事項,鋼筋混凝土造,107年8月27日,四層,一層 二層 三層 四層
RPSNMLTLJINFFCM86CA,39,105.22,住家用,加強磚造,68年10月30日,二層,一層 二層
RPQNMLNLJINFFBM58CA,,293.92,見其他登記事項,鋼筋混凝土造,107年9月10日,四層,一層 二層 三層 四層 見其他登記事項
RPPNMLOJKINFFDM68CA,18,124.18,住家用,鋼筋混凝土造,90年3月19日,三層,一層 二層 三層
RPRNMLRLJINFFDM66CA,,122.85,住商用,鋼筋混凝土加強磚造,,三層,一層 二層 三層 騎樓
RPSNMLNJKINFFDM88CA,,147.28,住家用,鋼筋混凝土造,107年7月5日,三層,一層 二層 三層
RPTNMLNJKINFFDM98CA,,147.28,住家用,鋼筋混凝土造,107年7月5日,三層,一層 二層 三層
RPPNMLOJKINFFBM48CA,30,129.93,住家用,鋼筋混凝土造,77年12月30日,三層,一層 二層 三層
RPWNMLRLJINFFBM96CA,,74.14,見其他登記事項,鋼筋混凝土造,107年6月7日,十五層,十五層
RPWNMLRLJINFFBM96CA,,70.18,見其他登記事項,鋼筋混凝土造,107年6月7日,十五層,
RPVNMLRLJINFFBM86CA,,100.40,見其他登記事項,鋼筋混凝土造,107年6月7日,十五層,六層
RPVNMLRLJINFFBM86CA,,82.64,見其他登記事項,鋼筋混凝土造,107年6月7日,十五層,
RPUNMLRLJINFFBM76CA,,100.40,見其他登記事項,鋼筋混凝土造,107年6月7日,十五層,五層
RPUNMLRLJINFFBM76CA,,82.64,見其他登記事項,鋼筋混凝土造,107年6月7日,十五層,
RPTNMLRLJINFFBM66CA,,79.06,見其他登記事項,鋼筋混凝土造,107年6月7日,十五層,九層
RPTNMLRLJINFFBM66CA,,72.49,見其他登記事項,鋼筋混凝土造,107年6月7日,十五層,
RPSNMLRLJINFFBM56CA,,74.14,見其他登記事項,鋼筋混凝土造,107年6月7日,十五層,五層
RPSNMLRLJINFFBM56CA,,70.18,見其他登記事項,鋼筋混凝土造,107年6月7日,十五層,
RPROMLRLJINFFBM56CA,1,60.16,見其他登記事項,鋼筋混凝土造,106年12月20日,九層,三層
RPROMLRLJINFFBM56CA,1,29.63,見其他登記事項,鋼筋混凝土造,106年12月20日,九層,
RPUNMLMKKINFFAM78CA,9,172.80,住家用,鋼筋混凝土造,99年1月22日,四層,一層 二層 三層 四層 屋頂突出物
RPTNMLTLJINFFBM86CA,25,167.80,住家用,鋼筋混凝土造,82年7月10日,三層,一層 二層 三層
RPOOMLOJKINFFBM48CA,5,181.58,住家用,鋼筋混凝土造,102年8月22日,四層,一層 二層 三層 四層
RPUNMLLKKINFFDM09DA,38,97.61,住商用,鋼筋混凝土加強磚造,70年2月2日,二層,一層 二層 騎樓
RPRNMLNKKINFFAM58CA,1,170.36,見其他登記事項,鋼筋混凝土造,106年8月29日,三層,一層 二層 三層 屋頂突出物
RPQNMLRJKINFFBM98DA,41,69.92,住家用,鋼筋混凝土加強磚造,66年8月1日,二層,一層 二層
RPQNMLRJKINFFBM98DA,16,186.20,住家用,鋼筋混凝土加強磚造,92年1月23日,二層,一層 二層
RPQNMLOJKINFFEM88CA,39,123.66,住商用,鋼筋混凝土加強磚造,69年1月25日,二層,一層 二層 騎樓
RPQNMLNKKINFFAM48CA,1,183.20,見其他登記事項,鋼筋混凝土造,106年8月29日,三層,一層 二層 三層 屋頂突出物
RPPNMLSLJINFFDM56CA,29,160.88,住家用,鋼筋混凝土造,78年12月8日,二層,一層 二層
RPTNMLNKKINFFEM56CA,37,188.81,住商用,鋼筋混凝土加強磚造,70年4月17日,二層,一層 二層 騎樓
RPQNMLRLJINFFDM56CA,13,192.71,住家用,鋼筋混凝土造,95年1月26日,三層,一層 二層 三層 屋頂突出物
RPTNMLSLJINFFDM96CA,1,196.52,見其他登記事項,鋼筋混凝土造,106年7月19日,三層,一層 二層 三層 見其他登記事項
RPSNMLNLJINFFBM78CA,40,323.61,住商用,鋼筋混凝土加強磚造,67年3月25日,三層,一層 二層 三層 騎樓
RPXNMLOJKINFFBM66CA,42,166.07,住家用,加強磚造,66年1月26日,二層,一層 二層
RPWNMLNKKINFFBM56CA,3,94.92,見其他登記事項,鋼筋混凝土造,104年8月25日,七層,一層
RPWNMLNKKINFFBM56CA,3,54.75,見其他登記事項,鋼筋混凝土造,104年8月25日,七層,
RPQNMLKKKINFFAM18CA,25,100.41,住家用,鋼筋混凝土造,82年11月15日,三層,一層 二層 三層
RPVNMLQJKINFFDM86CA,23,218.36,住家用,鋼筋混凝土造,85年3月1日,四層,一層 二層 三層 四層 電梯樓梯間
RPQNMLTLJINFFBM56CA,,79.06,見其他登記事項,鋼筋混凝土造,107年6月7日,十五層,八層
RPQNMLTLJINFFBM56CA,,72.49,見其他登記事項,鋼筋混凝土造,107年6月7日,十五層,
RPRNMLTLJINFFBM66CA,,92.35,見其他登記事項,鋼筋混凝土造,107年6月7日,十五層,十四層
RPRNMLTLJINFFBM66CA,,78.87,見其他登記事項,鋼筋混凝土造,107年6月7日,十五層,
RPQNMLSLJINFFAM98CA,38,97.04,住商用,鋼筋混凝土加強磚造,69年6月4日,二層,一層 二層 騎樓
RPQNMLTLJINFFAM09CA,39,93.93,住商用,鋼筋混凝土加強磚造,68年11月1日,二層,一層 二層 騎樓
RPWNMLQJKINFFAM66CA,22,84.37,住家用,鋼筋混凝土造,85年11月30日,七層,六層
RPWNMLQJKINFFAM66CA,22,25.08,,鋼筋混凝土造,85年11月30日,七層,
RPWNMLQJKINFFAM66CA,22,9.29,,鋼筋混凝土造,85年11月30日,七層,
RPWNMLQJKINFFAM66CA,22,.49,見其他登記事項,鋼筋混凝土造,85年11月30日,七層,地下層
RPWNMLQJKINFFAM66CA,22,.00,,鋼筋混凝土造,85年11月30日,七層,
RPQNMLKMJINFFAM28CA,1,160.31,見其他登記事項,鋼筋混凝土造,106年11月23日,三層,一層 二層 三層 見其他登記事項
RPWNMLRKKINFFAM86CA,24,193.67,見其他登記事項,鋼筋混凝土造,83年4月27日,四層,一層 二層 三層 四層 騎樓
RPRNMLKMJINFFBM48CA,,87.31,見其他登記事項,鋼筋混凝土造,107年6月7日,十五層,十五層
RPRNMLKMJINFFBM48CA,,76.49,見其他登記事項,鋼筋混凝土造,107年6月7日,十五層,
RPSNMLTLJINFFBM76CA,,294.05,見其他登記事項,鋼筋混凝土造,107年9月10日,四層,一層 二層 三層 四層 見其他登記事項
RPTNMLKMJINFFBM68CA,,113.87,見其他登記事項,鋼筋混凝土造,107年6月7日,十五層,十四層
RPTNMLKMJINFFBM68CA,,89.02,見其他登記事項,鋼筋混凝土造,107年6月7日,十五層,
RPPNMLTJKINFFBM98CA,47,76.50,住家用,鋼筋混凝土加強磚造,60年12月30日,二層,一層 二層
RPTNMLTLJINFFAM76CA,30,533.51,住商用,鋼筋混凝土造,77年12月20日,五層,一層 二層 三層 四層 五層 騎樓 地下層
RPSNMLKMJINFFBM58CA,,79.06,見其他登記事項,鋼筋混凝土造,107年6月7日,十五層,十三層
RPSNMLKMJINFFBM58CA,,72.49,見其他登記事項,鋼筋混凝土造,107年6月7日,十五層,
RPTNMLRJKINFFAM09CA,15,177.28,住家用,鋼筋混凝土造,92年12月8日,二層,一層 二層
RPUNMLKLKINFFCM88CA,12,188.47,見其他登記事項,鋼筋混凝土造,96年1月31日,三層,一層 二層 三層 見其他登記事項
RPSNMLOJKINFFBM88DA,27,64.12,住家用,加強磚造,80年5月21日,二層,一層 二層 電梯樓梯間
RPPNMLTKKINFFCM56CA,14,105.73,見其他登記事項,鋼筋混凝土造,93年10月5日,十層,二層
RPPNMLTKKINFFCM56CA,14,37.92,見其他登記事項,鋼筋混凝土造,93年10月5日,十層,
RPUNMLNJKINFFCM98CA,24,24.03,見其他登記事項,鋼筋混凝土造,83年10月13日,十二層,四層
RPUNMLNJKINFFCM98CA,24,12.10,見其他登記事項,鋼筋混凝土造,83年10月13日,十二層,
RPTNMLNJKINFFCM88CA,37,111.94,住商用,鋼筋混凝土加強磚造,71年2月3日,二層,一層 二層 騎樓
RPUOMLMKKINFFBM98CA,,219.18,見其他登記事項,鋼筋混凝土造,107年6月27日,三層,一層 二層 三層 見其他登記事項
RPWNMLOKKINFFBM66CA,30,81.90,見其他登記事項,鋼筋混凝土造,77年9月23日,二層,一層 二層
RPSNMLNKKINFFAM68CA,1,170.36,見其他登記事項,鋼筋混凝土造,106年8月29日,三層,一層 二層 三層 屋頂突出物
RPPNMLOKKINFFBM58CA,26,229.43,見其他登記事項,鋼筋混凝土造,82年2月1日,四層,一層 二層 三層 四層 電梯樓梯間
RPPNMLKKKINFFAM08CA,39,82.08,住家用,鋼筋混凝土加強磚造,69年1月21日,二層,一層 二層
RPRNMLNJKINFFAM48CA,25,100.24,住家用,鋼筋混凝土造,82年12月8日,十層,三層
RPRNMLNJKINFFAM48CA,25,17.73,見其他登記事項,鋼筋混凝土造,82年12月8日,十層,
RPRNMLOJKINFFBM68CA,23,193.72,住家用,鋼筋混凝土造,84年8月2日,四層,一層 二層 三層 四層
RPXNMLPLKINFFAM86CA,,182.67,見其他登記事項,鋼筋混凝土造,107年4月26日,四層,一層 二層 三層 四層 見其他登記事項
RPPNMLNJKINFFCM48CA,16,148.50,見其他登記事項,見其他登記事項,91年12月17日,一層,一層
RPQNMLLLKINFFCM58CA,33,136.40,住商用,鋼筋混凝土造,75年4月14日,二層,一層 二層 騎樓
RPTNMLPJKINFFCM09CA,37,107.00,住商用,加強磚造,70年12月24日,二層,一層 二層 騎樓
RPPNMLMKKINFFAM28CA,39,186.79,見其他登記事項,見其他登記事項,68年6月19日,二層,一層 二層 防空避難室
RPWNMLKLKINFFCM09CA,25,170.27,見其他登記事項,鋼筋混凝土造,83年1月14日,十一層,一層 二層 騎樓
RPWNMLKLKINFFCM09CA,25,41.97,見其他登記事項,鋼筋混凝土造,83年1月14日,十一層,
RPVNMLNJKINFFDM56CA,51,107.80,住家用,鋼筋混凝土加強磚造,57年3月27日,三層,一層 二層 三層
RPWNMLRJKINFFCM96CA,14,154.70,住家用,鋼筋混凝土造,93年10月1日,四層,一層 二層 三層 四層
RPWNMLRJKINFFCM96CA,14,154.70,住家用,鋼筋混凝土造,93年10月1日,四層,一層 二層 三層 四層
RPPNMLNJKINFFBM38CA,20,188.74,住家用,鋼筋混凝土造,87年12月15日,四層,一層 二層 三層 四層
RPRNMLNJKINFFDM78CA,13,149.16,住家用,鋼筋混凝土造,95年3月6日,三層,一層 二層 三層 屋頂突出物
RPRNMLQJKINFFCM98CA,14,103.18,見其他登記事項,鋼筋混凝土造,93年10月5日,十層,六層
RPRNMLQJKINFFCM98CA,14,37.06,見其他登記事項,鋼筋混凝土造,93年10月5日,十層,
RPUNMLRKKINFFCM86CA,20,125.79,見其他登記事項,鋼筋混凝土造,87年10月19日,三層,一層 二層 三層
RPQNMLQLKINFFDM56CA,37,225.19,農舍,鋼筋混凝土加強磚造,70年7月4日,三層,一層 二層 三層 騎樓
RPPNMLPJKINFFBM58CA,,92.32,見其他登記事項,鋼筋混凝土造,107年6月7日,十五層,八層
RPPNMLPJKINFFBM58CA,,78.87,見其他登記事項,鋼筋混凝土造,107年6月7日,十五層,
RPQNMLLKKINFFCM48CA,1,110.59,農舍,見其他登記事項,106年5月8日,一層,一層
RPUNMLOJKINFFBM98CA,,100.40,見其他登記事項,鋼筋混凝土造,107年6月7日,十五層,十五層
RPUNMLOJKINFFBM98CA,,82.64,見其他登記事項,鋼筋混凝土造,107年6月7日,十五層,
RPOOMLPJKINFFBM58CA,,92.32,見其他登記事項,鋼筋混凝土造,107年6月7日,十五層,十二層
RPOOMLPJKINFFBM58CA,,78.87,見其他登記事項,鋼筋混凝土造,107年6月7日,十五層,
RPVNMLOJKINFFBM09CA,,87.31,見其他登記事項,鋼筋混凝土造,107年6月7日,十五層,十三層
RPVNMLOJKINFFBM09CA,,111.47,見其他登記事項,鋼筋混凝土造,107年6月7日,十五層,
RPTNMLOJKINFFBM88CA,2,173.30,見其他登記事項,鋼筋混凝土造,105年11月24日,三層,一層 二層 三層 見其他登記事項
RPRNMLOKKINFFAM68CA,36,73.74,住家用,鋼筋混凝土加強磚造,71年6月1日,二層,一層 二層
RPQNMLKLKINFFAM28CA,5,193.48,見其他登記事項,鋼筋混凝土造,103年1月28日,四層,一層 二層 三層 四層
RPRNMLPJKINFFBM78CA,,92.32,見其他登記事項,鋼筋混凝土造,107年6月7日,十五層,十一層
RPRNMLPJKINFFBM78CA,,78.87,見其他登記事項,鋼筋混凝土造,107年6月7日,十五層,
RPSNMLPJKINFFBM88CA,,113.87,見其他登記事項,鋼筋混凝土造,107年6月7日,十五層,四層
RPSNMLPJKINFFBM88CA,,89.02,見其他登記事項,鋼筋混凝土造,107年6月7日,十五層,
RPQNMLPJKINFFBM68CA,,79.06,見其他登記事項,鋼筋混凝土造,107年6月7日,十五層,七層
RPQNMLPJKINFFBM68CA,,72.49,見其他登記事項,鋼筋混凝土造,107年6月7日,十五層,
RPTNMLPJKINFFBM98CA,,91.20,見其他登記事項,鋼筋混凝土造,107年6月7日,十五層,二層
RPTNMLPJKINFFBM98CA,,78.33,見其他登記事項,鋼筋混凝土造,107年6月7日,十五層,
RPVNMLPJKINFFBM56CA,,100.40,見其他登記事項,鋼筋混凝土造,107年6月7日,十五層,十三層
RPVNMLPJKINFFBM56CA,,82.64,見其他登記事項,鋼筋混凝土造,107年6月7日,十五層,
RPWNMLOJKINFFBM56CA,,92.32,見其他登記事項,鋼筋混凝土造,107年6月7日,十五層,十三層
RPWNMLOJKINFFBM56CA,,78.87,見其他登記事項,鋼筋混凝土造,107年6月7日,十五層,
RPPNMLSJKINFFBM88CA,24,59.12,住家用,鋼筋混凝土造,83年11月7日,十三層,十層
RPPNMLSJKINFFBM88CA,24,19.35,見其他登記事項,鋼筋混凝土造,83年11月7日,十三層,
RPWNMLLLKINFFAM98CA,3,331.37,見其他登記事項,鋼筋混凝土造,105年1月28日,四層,一層 二層 三層 四層 屋頂突出物
RPWOMLMKKINFFBM56CA,45,88.66,住家用,鋼筋混凝土加強磚造,62年7月17日,二層,一層 二層 騎樓
RPWNMLPJKINFFBM66CA,,79.06,見其他登記事項,鋼筋混凝土造,107年6月7日,十五層,十二層
RPWNMLPJKINFFBM66CA,,72.49,見其他登記事項,鋼筋混凝土造,107年6月7日,十五層,
RPUNMLPJKINFFBM09CA,,92.35,見其他登記事項,鋼筋混凝土造,107年6月7日,十五層,四層
RPUNMLPJKINFFBM09CA,,78.87,見其他登記事項,鋼筋混凝土造,107年6月7日,十五層,
RPSNMLOKKINFFBM88CA,20,99.12,住家用,鋼筋混凝土造,88年2月12日,九層,八層
RPSNMLOKKINFFBM88CA,20,48.58,見其他登記事項,鋼筋混凝土造,88年2月12日,九層,
RPQNMLPJKINFFDM88CA,46,50.16,住家用,磚造,61年9月1日,一層,一層
RPSNMLLLKHOFFBM68CA,1,80.08,見其他登記事項,鋼筋混凝土造,107年5月2日,十一層,八層
RPSNMLLLKHOFFBM68CA,1,56.67,見其他登記事項,鋼筋混凝土造,107年5月2日,十一層,
RPUNMLNKKINFFEM66CA,19,188.40,住家用,鋼筋混凝土造,88年9月13日,三層,一層 二層 三層 屋頂突出物
RPVNMLQJKINFFCM76CA,6,400.92,農舍,見其他登記事項,101年6月20日,三層,一層 二層 三層
RPPNMLLKKINFFAM18CA,24,95.81,住家用,鋼筋混凝土造,84年2月16日,十三層,七層
RPPNMLLKKINFFAM18CA,24,23.87,見其他登記事項,鋼筋混凝土造,84年2月16日,十三層,
RPPNMLLKKINFFAM18CA,24,25.33,停車空間,鋼筋混凝土造,84年2月16日,十三層,
RPVNMLQJKINFFAM56CA,29,267.91,住家用,鋼筋混凝土造,78年11月15日,三層,一層 二層 三層
RPRNMLQJKINFFAM78CA,26,84.85,住家用,鋼筋混凝土造,82年1月4日,八層,二層
RPRNMLQJKINFFAM78CA,26,24.81,見其他登記事項,鋼筋混凝土造,82年1月4日,八層,
RPTNMLMKKINFFAM68CA,2,88.61,見其他登記事項,鋼筋混凝土造,106年1月19日,五層,五層
RPTNMLMKKINFFAM68CA,2,35.86,見其他登記事項,鋼筋混凝土造,106年1月19日,五層,
RPTNMLMKKINFFAM68CA,2,13.75,停車空間,鋼筋混凝土造,106年1月19日,五層,
RPQNMLTJKINFFAM98CA,44,118.17,住家用,加強磚造,64年3月25日,二層,一層 二層
RPUNMLRJKINFFAM56CA,3,224.45,見其他登記事項,鋼筋混凝土造,104年11月20日,三層,一層 二層 三層 見其他登記事項
RPUNMLRJKINFFAM56CA,3,.32,見其他登記事項,鋼筋混凝土造,104年11月20日,一層,一層
RPVNMLPLKINFFAM66CA,1,237.27,見其他登記事項,鋼筋混凝土造,106年5月19日,三層,一層 二層 三層
RPSNMLKKKINFFAM38CA,13,112.34,住家用,鋼筋混凝土造,94年12月13日,十一層,八層
RPSNMLKKKINFFAM38CA,13,14.45,見其他登記事項,鋼筋混凝土造,94年12月13日,十一層,
RPSNMLKKKINFFAM38CA,13,21.67,見其他登記事項,鋼筋混凝土造,94年12月13日,十一層,
RPTNMLMJJHOFFAM48CA,14,166.35,住家用,鋼筋混凝土造,93年6月21日,三層,一層 二層 三層 屋頂突出物
RPUNMLQJKINFFAM09CA,4,214.54,住家用,鋼筋混凝土造,104年3月10日,四層,一層 二層 三層 四層
RPSNMLOLKINFFAM88CA,4,181.07,住家用,鋼筋混凝土造,104年4月27日,四層,一層 二層 三層 四層
RPTNMLOLKINFFAM98CA,7,234.28,見其他登記事項,鋼筋混凝土造,101年2月21日,三層,一層 二層 三層 屋頂突出物
RPSNMLQJKINFFCM09CA,16,310.34,見其他登記事項,見其他登記事項,91年9月25日,一層,一層
RPPNMLKLKINFFCM38CA,31,261.48,住商用,鋼筋混凝土造,76年9月30日,三層,一層 二層 三層 騎樓
RPPNMLRJKINFFBM78CA,,296.43,見其他登記事項,鋼筋混凝土造,107年9月10日,四層,一層 二層 三層 四層 見其他登記事項
RPQNMLLKKINFFDM58CA,11,168.56,住家用,鋼筋混凝土造,96年4月13日,三層,一層 二層 三層
RPSNMLLKKINFFDM78CA,23,21.77,見其他登記事項,鋼筋混凝土造,85年4月1日,四層,
RPPNMLKKKINFFEM58DA,82,81.30,住家用,見其他登記事項,25年7月1日,一層,一層
RPSNMLLKKINFFDM78CA,23,54.73,見其他登記事項,鋼筋混凝土造,85年4月1日,四層,二層
RPQNMLMJJHOFFBM28CA,11,201.50,住家用,鋼筋混凝土造,96年10月19日,四層,一層 二層 三層 四層
RPUNMLOLKINFFAM09CA,24,170.63,住家用,鋼筋混凝土造,84年1月9日,四層,一層 二層 三層 四層
RPQNMLKLKINFFDM58CA,46,93.15,住商用,鋼筋混凝土加強磚造,61年9月5日,二層,一層 二層 騎樓
RPQNMLMKKINFFDM68CA,38,95.48,住商用,鋼筋混凝土加強磚造,69年12月27日,二層,一層 二層 騎樓
RPSNMLMKKINFFDM88CA,23,79.40,見其他登記事項,鋼筋混凝土造,85年3月21日,八層,六層
RPSNMLMKKINFFDM88CA,23,18.22,見其他登記事項,鋼筋混凝土造,85年3月21日,八層,
RPSNMLMKKINFFDM88CA,23,12.29,見其他登記事項,鋼筋混凝土造,85年3月21日,八層,
RPTNMLMKKINFFBM78CA,5,209.95,住家用,鋼筋混凝土造,103年1月17日,三層,一層 二層 三層 見其他登記事項
RPTOMLRJJHOFFDM76CA,,50.50,見其他登記事項,鋼筋混凝土造,107年8月20日,六層,一層
RPTOMLRJJHOFFDM76CA,,6.39,見其他登記事項,鋼筋混凝土造,107年8月20日,六層,
RPTOMLRJJHOFFDM76CA,,.51,見其他登記事項,鋼筋混凝土造,107年8月20日,六層,一層
RPVNMLPLKINFFBM86DA,27,115.68,住家用,鋼筋混凝土造,80年9月20日,十層,九層
RPVNMLPLKINFFBM86DA,27,14.37,見其他登記事項,鋼筋混凝土造,80年9月20日,十層,
RPVNMLPLKINFFBM86DA,27,9.42,見其他登記事項,鋼筋混凝土造,80年9月20日,十一層,
RPVNMLPLKINFFBM86DA,27,24.36,見其他登記事項,鋼筋混凝土造,80年9月20日,十一層,地下層
RPVNMLPLKINFFBM86DA,27,20.38,見其他登記事項,鋼筋混凝土造,80年9月20日,十一層,
RPVNMLMKKINFFAM88CA,38,109.60,住商用,鋼筋混凝土加強磚造,70年3月5日,二層,一層 二層 騎樓
RPQNMLLLKINFFBM48CA,44,89.57,住家用,鋼筋混凝土加強磚造,63年8月26日,二層,一層 二層
RPSNMLNKKINFFEM09CA,22,150.24,住商用,鋼筋混凝土造,85年6月28日,四層,一層 二層 三層 四層
RPUNMLNKKINFFAM88CA,20,206.22,住商用,鋼筋混凝土造,88年4月15日,四層,一層 二層 三層 四層
RPSOMLSLKINFFBM86CA,2,208.21,住家用,鋼筋混凝土造,105年8月22日,四層,一層 二層 三層 四層
RPVNMLNKKINFFAM98CA,20,93.12,住家用,鋼筋混凝土造,87年10月27日,十三層,十一層
RPVNMLNKKINFFAM98CA,20,32.72,見其他登記事項,鋼筋混凝土造,87年10月27日,十三層,
RPWNMLMKKINFFAM98CA,,189.65,見其他登記事項,鋼筋混凝土造,107年10月11日,三層,一層 二層 三層 屋頂突出物
RPRNMLMKKINFFBM58CA,,113.87,見其他登記事項,鋼筋混凝土造,107年6月7日,十五層,三層
RPRNMLMKKINFFBM58CA,,89.02,見其他登記事項,鋼筋混凝土造,107年6月7日,十五層,
RPSNMLMKKINFFBM68CA,,100.40,見其他登記事項,鋼筋混凝土造,107年6月7日,十五層,十四層
RPSNMLMKKINFFBM68CA,,82.64,見其他登記事項,鋼筋混凝土造,107年6月7日,十五層,
RPVNMLOLKINFFAM56CA,18,151.87,住家用,鋼筋混凝土造,89年5月19日,三層,一層 二層 三層 屋頂突出物
RPVNMLNKKINFFCM56CA,23,48.38,見其他登記事項,鋼筋混凝土造,84年9月7日,九層,三層
RPVNMLNKKINFFCM56CA,23,14.98,見其他登記事項,鋼筋混凝土造,84年9月7日,九層,
RPWNMLMKKINFFBM09CA,,74.14,見其他登記事項,鋼筋混凝土造,107年6月7日,十五層,三層
RPWNMLMKKINFFBM09CA,,70.18,見其他登記事項,鋼筋混凝土造,107年6月7日,十五層,
RPWNMLNKKINFFCM66CA,23,48.38,見其他登記事項,鋼筋混凝土造,84年9月7日,九層,二層
RPWNMLNKKINFFCM66CA,23,14.98,見其他登記事項,鋼筋混凝土造,84年9月7日,九層,
RPXNMLMKKINFFBM56CA,,92.32,見其他登記事項,鋼筋混凝土造,107年6月7日,十五層,五層
RPXNMLMKKINFFBM56CA,,43.89,見其他登記事項,鋼筋混凝土造,107年6月7日,十五層,
RPUNMLMKKINFFBM88CA,,91.17,見其他登記事項,鋼筋混凝土造,107年6月7日,十五層,二層
RPUNMLMKKINFFBM88CA,,78.18,見其他登記事項,鋼筋混凝土造,107年6月7日,十五層,
RPVNMLMKKINFFBM98CA,,79.06,見其他登記事項,鋼筋混凝土造,107年6月7日,十五層,十層
RPVNMLMKKINFFBM98CA,,72.49,見其他登記事項,鋼筋混凝土造,107年6月7日,十五層,
RPSNMLNKKINFFCM88CA,25,81.78,見其他登記事項,鋼筋混凝土造,83年1月14日,十一層,七層
RPSNMLNKKINFFCM88CA,25,19.78,見其他登記事項,鋼筋混凝土造,83年1月14日,十一層,
RPXNMLNKKINFFBM66CA,37,103.36,住商用,鋼筋混凝土加強磚造,71年1月20日,二層,一層 二層 騎樓
RPRQMLRJJHOFFDM76CA,,25.51,見其他登記事項,鋼筋混凝土造,107年8月20日,六層,二層
RPRQMLRJJHOFFDM76CA,,23.90,見其他登記事項,鋼筋混凝土造,107年8月20日,六層,
RPRQMLRJJHOFFDM76CA,,.51,見其他登記事項,鋼筋混凝土造,107年8月20日,六層,一層
RPVNMLKKJHOFFBM68CA,27,80.26,住家用,鋼筋混凝土造,80年8月31日,六層,一層
RPVNMLKKJHOFFBM68CA,27,21.21,見其他登記事項,鋼筋混凝土造,80年8月31日,六層,
RPVNMLKKJHOFFBM68CA,27,7.77,見其他登記事項,鋼筋混凝土造,80年8月31日,六層,
RPQNMLOJJHOFFCM58CA,23,105.74,見其他登記事項,鋼筋混凝土造,84年11月22日,十二層,五層
RPQNMLOJJHOFFCM58CA,23,23.93,見其他登記事項,鋼筋混凝土造,84年11月22日,十二層,
RPVOMLRJJHOFFDM96CA,,30.36,見其他登記事項,鋼筋混凝土造,107年8月20日,六層,六層
RPVOMLRJJHOFFDM96CA,,29.81,見其他登記事項,鋼筋混凝土造,107年8月20日,六層,
RPVOMLRJJHOFFDM96CA,,.51,見其他登記事項,鋼筋混凝土造,107年8月20日,六層,一層
RPPNMLKLKINFFDM48CA,2,149.91,見其他登記事項,見其他登記事項,105年6月4日,一層,一層
RPPNMLKLKINFFDM48CA,39,497.28,見其他登記事項,見其他登記事項,69年4月8日,一層,一層
RPWOMLRJJHOFFDM07CA,,30.35,見其他登記事項,鋼筋混凝土造,107年8月20日,六層,六層
RPWOMLRJJHOFFDM07CA,,26.40,見其他登記事項,鋼筋混凝土造,107年8月20日,六層,
RPWOMLRJJHOFFDM07CA,,.51,見其他登記事項,鋼筋混凝土造,107年8月20日,六層,一層
RPUOMLRJJHOFFDM86CA,,50.50,見其他登記事項,鋼筋混凝土造,107年8月20日,六層,一層
RPUOMLRJJHOFFDM86CA,,6.39,見其他登記事項,鋼筋混凝土造,107年8月20日,六層,
RPUOMLRJJHOFFDM86CA,,.51,見其他登記事項,鋼筋混凝土造,107年8月20日,六層,一層
RPTQMLRJJHOFFDM96CA,,20.30,見其他登記事項,鋼筋混凝土造,107年8月20日,六層,二層
RPTQMLRJJHOFFDM96CA,,18.65,見其他登記事項,鋼筋混凝土造,107年8月20日,六層,
RPTQMLRJJHOFFDM96CA,,.51,見其他登記事項,鋼筋混凝土造,107年8月20日,六層,一層
RPSOMLRJJHOFFDM66CA,,30.35,見其他登記事項,鋼筋混凝土造,107年8月20日,六層,四層
RPSOMLRJJHOFFDM66CA,,26.39,見其他登記事項,鋼筋混凝土造,107年8月20日,六層,
RPSOMLRJJHOFFDM66CA,,13.75,見其他登記事項,鋼筋混凝土造,107年8月20日,六層,
RPSOMLRJJHOFFDM66CA,,.51,見其他登記事項,鋼筋混凝土造,107年8月20日,六層,一層
RPPQMLRJJHOFFDM56CA,,20.30,見其他登記事項,鋼筋混凝土造,107年8月20日,六層,二層
RPPQMLRJJHOFFDM56CA,,18.65,見其他登記事項,鋼筋混凝土造,107年8月20日,六層,
RPPQMLRJJHOFFDM56CA,,.51,見其他登記事項,鋼筋混凝土造,107年8月20日,六層,一層
RPOQMLRJJHOFFDM09CA,,25.75,見其他登記事項,鋼筋混凝土造,107年8月20日,六層,二層
RPOQMLRJJHOFFDM09CA,,.51,見其他登記事項,鋼筋混凝土造,107年8月20日,六層,一層
RPOQMLRJJHOFFDM09CA,,25.70,見其他登記事項,鋼筋混凝土造,107年8月20日,六層,
RPOQMLRJJHOFFDM09CA,,13.75,見其他登記事項,鋼筋混凝土造,107年8月20日,六層,
RPXPMLRJJHOFFDM27CA,,25.74,見其他登記事項,鋼筋混凝土造,107年8月20日,六層,二層
RPXPMLRJJHOFFDM27CA,,22.23,見其他登記事項,鋼筋混凝土造,107年8月20日,六層,
RPXPMLRJJHOFFDM27CA,,13.75,見其他登記事項,鋼筋混凝土造,107年8月20日,六層,
RPXPMLRJJHOFFDM27CA,,.51,見其他登記事項,鋼筋混凝土造,107年8月20日,六層,一層
RPPPMLRJJHOFFDM09CA,,20.30,見其他登記事項,鋼筋混凝土造,107年8月20日,六層,四層
RPPPMLRJJHOFFDM09CA,,18.31,見其他登記事項,鋼筋混凝土造,107年8月20日,六層,
RPPPMLRJJHOFFDM09CA,,.51,見其他登記事項,鋼筋混凝土造,107年8月20日,六層,一層
RPOPMLRJJHOFFDM98CA,,25.51,見其他登記事項,鋼筋混凝土造,107年8月20日,六層,四層
RPOPMLRJJHOFFDM98CA,,23.47,見其他登記事項,鋼筋混凝土造,107年8月20日,六層,
RPOPMLRJJHOFFDM98CA,,.51,見其他登記事項,鋼筋混凝土造,107年8月20日,六層,一層
RPQPMLRJJHOFFDM56CA,,20.30,見其他登記事項,鋼筋混凝土造,107年8月20日,六層,四層
RPQPMLRJJHOFFDM56CA,,18.31,見其他登記事項,鋼筋混凝土造,107年8月20日,六層,
RPQPMLRJJHOFFDM56CA,,.51,見其他登記事項,鋼筋混凝土造,107年8月20日,六層,一層
RPSQMLRJJHOFFDM86CA,,30.36,見其他登記事項,鋼筋混凝土造,107年8月20日,六層,二層
RPRPMLRJJHOFFDM66CA,,20.22,見其他登記事項,鋼筋混凝土造,107年8月20日,六層,四層
RPSQMLRJJHOFFDM86CA,,25.05,見其他登記事項,鋼筋混凝土造,107年8月20日,六層,
RPRPMLRJJHOFFDM66CA,,18.23,見其他登記事項,鋼筋混凝土造,107年8月20日,六層,
RPSQMLRJJHOFFDM86CA,,.51,見其他登記事項,鋼筋混凝土造,107年8月20日,六層,一層
RPRPMLRJJHOFFDM66CA,,.51,見其他登記事項,鋼筋混凝土造,107年8月20日,六層,一層
RPQNMLKKJHOFFDM38CA,,25.75,見其他登記事項,鋼筋混凝土造,107年8月20日,六層,三層
RPQNMLKKJHOFFDM38CA,,27.50,見其他登記事項,鋼筋混凝土造,107年8月20日,六層,
RPQNMLKKJHOFFDM38CA,,.51,見其他登記事項,鋼筋混凝土造,107年8月20日,六層,一層
RPQNMLSKKINFFDM66CA,39,113.40,住家用,鋼筋混凝土加強磚造,68年6月1日,二層,一層 二層 騎樓
RPUOMLQLKINFFDM07CA,1,190.24,住家用,鋼筋混凝土造,106年10月24日,四層,一層 二層 三層 四層
RPPNMLRKKINFFBM88CA,11,15.00,農舍,見其他登記事項,97年4月23日,一層,一層
RPSNMLKKJHOFFDM58CA,,19.86,見其他登記事項,鋼筋混凝土造,107年8月20日,六層,二層
RPSNMLKKJHOFFDM58CA,,18.20,見其他登記事項,鋼筋混凝土造,107年8月20日,六層,
RPSNMLKKJHOFFDM58CA,,.51,見其他登記事項,鋼筋混凝土造,107年8月20日,六層,一層
RPPNMLRKKINFFEM66DA,50,21.01,住家用,磚造,57年7月1日,一層,一層
RPQNMLQKJHOFFCM88CA,24,103.19,見其他登記事項,鋼筋混凝土造,83年7月8日,十二層,十層
RPQNMLQKJHOFFCM88CA,24,12.39,見其他登記事項,鋼筋混凝土造,83年7月8日,十二層,
RPUNMLRLKINFFAM76CA,39,113.97,住家用,鋼筋混凝土加強磚造,68年6月28日,二層,一層 二層
RPRNMLKKJHOFFAM18CA,40,92.80,住家用,鋼筋混凝土加強磚造,68年2月23日,二層,一層 二層
RPRNMLNJJHOFFCM58CA,38,233.17,住家用,鋼筋混凝土加強磚造,70年1月19日,三層,一層 二層 三層
RPRNMLPKKINFFCM98CA,24,76.21,見其他登記事項,鋼筋混凝土造,83年7月8日,十二層,六層
RPRNMLPKKINFFCM98CA,24,10.09,見其他登記事項,鋼筋混凝土造,83年7月8日,十二層,
RPPNMLNJJHOFFAM18CA,25,160.72,住家用,鋼筋混凝土造,82年6月23日,三層,一層 二層 三層 屋頂突出物
RPXNMLRKKINFFAM96CA,12,166.77,住家用,鋼筋混凝土造,95年7月7日,四層,一層 二層 三層 四層
RPUNMLKLKINFFAM68CA,40,96.00,見其他登記事項,加強磚造,67年12月26日,一層,一層
RPPNMLOKKINFFCM68CA,38,90.92,住家用,加強磚造,69年8月6日,二層,一層 二層
RPOOMLMLKINFFAM38CA,3,159.31,住家用,鋼筋混凝土造,105年5月24日,四層,一層 二層 三層 四層
RPRNMLQLKINFFBM09CA,,235.65,見其他登記事項,鋼筋混凝土造,107年9月10日,四層,一層 二層 三層 四層
RPUNMLMLKINFFAM88CA,,185.04,住家用,鋼筋混凝土造,107年8月8日,四層,一層 二層 三層 四層
RPTNMLRKKINFFBM66CA,13,198.52,住商用,鋼筋混凝土造,95年1月18日,三層,一層 二層 三層 屋頂突出物
RPQNMLSJJHOFFBM88CA,42,103.47,住家用,鋼筋混凝土加強磚造,65年8月2日,二層,一層 二層
RPRNMLQKKINFFBM98CA,,213.42,住家用,鋼筋混凝土造,107年9月21日,四層,一層 二層 三層 四層
RPRNMLRKKINFFEM76CA,17,186.97,住家用,鋼筋混凝土造,90年7月11日,四層,一層 二層 三層 四層
RPTNMLPLKINFFBM56CA,,184.70,見其他登記事項,鋼筋混凝土造,107年9月10日,三層,一層 二層 三層 見其他登記事項
RPUNMLPLKINFFBM66CA,,203.21,見其他登記事項,鋼筋混凝土造,107年9月10日,三層,一層 二層 三層 見其他登記事項
RPXOMLRJJHOFFDM17CA,,19.86,見其他登記事項,鋼筋混凝土造,107年8月20日,六層,四層
RPXOMLRJJHOFFDM17CA,,17.88,見其他登記事項,鋼筋混凝土造,107年8月20日,六層,
RPXOMLRJJHOFFDM17CA,,.51,見其他登記事項,鋼筋混凝土造,107年8月20日,六層,一層
RPWPMLRJJHOFFDM17CA,,20.22,見其他登記事項,鋼筋混凝土造,107年8月20日,六層,三層
RPWPMLRJJHOFFDM17CA,,19.86,見其他登記事項,鋼筋混凝土造,107年8月20日,六層,
RPWPMLRJJHOFFDM17CA,,.51,見其他登記事項,鋼筋混凝土造,107年8月20日,六層,一層
RPXNMLRJJHOFFDM07CA,,20.30,見其他登記事項,鋼筋混凝土造,107年8月20日,六層,六層
RPXNMLRJJHOFFDM07CA,,18.31,見其他登記事項,鋼筋混凝土造,107年8月20日,六層,
RPXNMLRJJHOFFDM07CA,,.51,見其他登記事項,鋼筋混凝土造,107年8月20日,六層,一層
RPQNMLRKKINFFDM56CA,38,36.86,住家用,鋼筋混凝土加強磚造,69年6月19日,一層,一層
RPTNMLRJJHOFFDM66CA,,20.30,見其他登記事項,鋼筋混凝土造,107年8月20日,六層,六層
RPTNMLRJJHOFFDM66CA,,18.31,見其他登記事項,鋼筋混凝土造,107年8月20日,六層,
RPTNMLRJJHOFFDM66CA,,.51,見其他登記事項,鋼筋混凝土造,107年8月20日,六層,一層
RPOOMLRJJHOFFDM88CA,,20.22,見其他登記事項,鋼筋混凝土造,107年8月20日,六層,二層
RPOOMLRJJHOFFDM88CA,,18.57,見其他登記事項,鋼筋混凝土造,107年8月20日,六層,
RPOOMLRJJHOFFDM88CA,,.51,見其他登記事項,鋼筋混凝土造,107年8月20日,六層,一層
RPUQMLRJJHOFFDM07CA,,25.74,見其他登記事項,鋼筋混凝土造,107年8月20日,六層,三層
RPUQMLRJJHOFFDM07CA,,23.79,見其他登記事項,鋼筋混凝土造,107年8月20日,六層,
RPUQMLRJJHOFFDM07CA,,.51,見其他登記事項,鋼筋混凝土造,107年8月20日,六層,一層
RPRNMLRJJHOFFDM09CA,,20.22,見其他登記事項,鋼筋混凝土造,107年8月20日,六層,六層
RPRNMLRJJHOFFDM09CA,,18.23,見其他登記事項,鋼筋混凝土造,107年8月20日,六層,
RPRNMLRJJHOFFDM09CA,,.51,見其他登記事項,鋼筋混凝土造,107年8月20日,六層,一層
RPUPMLRJJHOFFDM96CA,,19.86,見其他登記事項,鋼筋混凝土造,107年8月20日,六層,六層
RPUPMLRJJHOFFDM96CA,,17.88,見其他登記事項,鋼筋混凝土造,107年8月20日,六層,
RPUPMLRJJHOFFDM96CA,,.51,見其他登記事項,鋼筋混凝土造,107年8月20日,六層,一層
RPVPMLRJJHOFFDM07CA,,19.86,見其他登記事項,鋼筋混凝土造,107年8月20日,六層,三層
RPVPMLRJJHOFFDM07CA,,19.47,見其他登記事項,鋼筋混凝土造,107年8月20日,六層,
RPVPMLRJJHOFFDM07CA,,.51,見其他登記事項,鋼筋混凝土造,107年8月20日,六層,一層
RPVNMLSLKINFFDM27CA,39,97.02,住家用,鋼筋混凝土加強磚造,68年6月1日,二層,一層 二層
RPPNMLRJJHOFFDM88CA,1,248.70,見其他登記事項,鋼筋混凝土造,106年8月25日,四層,一層 二層 三層 四層
RPPNMLRJJHOFFDM88CA,1,.46,見其他登記事項,鋼筋混凝土造,106年8月25日,一層,
RPTNMLRKKINFFDM86CA,,73.64,住家用,鋼筋混凝土造,107年7月5日,三層,一層 二層 三層
RPPNMLRKKINFFDM09CA,18,129.95,住商用,鋼筋混凝土造,90年2月15日,三層,一層 二層 三層 騎樓
RPPNMLNJJHOFFBM28CA,22,107.00,見其他登記事項,鋼筋混凝土造,85年12月7日,八層,七層
RPPNMLNJJHOFFBM28CA,22,34.06,見其他登記事項,鋼筋混凝土造,85年12月7日,八層,
RPWNMLKLKINFFBM98CA,,92.35,見其他登記事項,鋼筋混凝土造,107年6月7日,十五層,十一層
RPWNMLKLKINFFBM98CA,,78.87,見其他登記事項,鋼筋混凝土造,107年6月7日,十五層,
RPUNMLKLKINFFBM78CA,,113.87,見其他登記事項,鋼筋混凝土造,107年6月7日,十五層,十一層
RPUNMLKLKINFFBM78CA,,89.02,見其他登記事項,鋼筋混凝土造,107年6月7日,十五層,
RPRNMLKLKINFFBM48CA,,100.40,見其他登記事項,鋼筋混凝土造,107年6月7日,十五層,四層
RPRNMLKLKINFFBM48CA,,82.64,見其他登記事項,鋼筋混凝土造,107年6月7日,十五層,
RPOOMLSKKINFFAM88CA,36,119.80,住商用,鋼筋混凝土加強磚造,72年1月17日,二層,一層 二層
RPRNMLOJJHOFFAM48CA,24,101.89,住家用,鋼筋混凝土造,84年2月16日,十三層,五層
RPRNMLOJJHOFFAM48CA,24,26.86,見其他登記事項,鋼筋混凝土造,84年2月16日,十三層,
RPQNMLSKKINFFAM98CA,1,269.75,住家用,鋼筋混凝土造,106年8月2日,四層,一層 二層 三層 四層
RPWNMLMLKINFFAM09CA,1,249.88,住家用,鋼筋混凝土造,106年12月13日,四層,一層 二層 三層 四層
RPOOMLKLKINFFAM18CA,37,245.82,住商用,鋼筋混凝土加強磚造,70年6月27日,三層,一層 二層 三層 騎樓 地下層
RPRNMLSLKINFFAM56CA,1,180.81,住家用,鋼筋混凝土造,106年10月2日,四層,一層 二層 三層 四層
RPQNMLTKKINFFCM66CA,21,191.39,住家用,鋼筋混凝土造,87年1月3日,四層,一層 二層 三層 四層
RPPNMLKLKINFFBM28CA,,87.31,見其他登記事項,鋼筋混凝土造,107年6月7日,十五層,六層
RPPNMLKLKINFFBM28CA,,76.49,見其他登記事項,鋼筋混凝土造,107年6月7日,十五層,
RPVNMLKLKINFFBM88CA,,100.40,見其他登記事項,鋼筋混凝土造,107年6月7日,十五層,十一層
RPVNMLKLKINFFBM88CA,,82.64,見其他登記事項,鋼筋混凝土造,107年6月7日,十五層,
RPTNMLKLKINFFBM68CA,,92.35,見其他登記事項,鋼筋混凝土造,107年6月7日,十五層,三層
RPTNMLKLKINFFBM68CA,,78.87,見其他登記事項,鋼筋混凝土造,107年6月7日,十五層,
RPQNMLKLKINFFBM38CA,,92.35,見其他登記事項,鋼筋混凝土造,107年6月7日,十五層,十五層
RPQNMLKLKINFFBM38CA,,78.87,見其他登記事項,鋼筋混凝土造,107年6月7日,十五層,
RPSNMLLLKINFFBM68CA,,100.10,見其他登記事項,鋼筋混凝土造,107年6月7日,十五層,二層
RPSNMLLLKINFFBM68CA,,82.48,見其他登記事項,鋼筋混凝土造,107年6月7日,十五層,
RPSNMLRJJHOFFDM56CA,,30.35,見其他登記事項,鋼筋混凝土造,107年8月20日,六層,五層
RPSNMLRJJHOFFDM56CA,,26.40,見其他登記事項,鋼筋混凝土造,107年8月20日,六層,
RPSNMLRJJHOFFDM56CA,,.51,見其他登記事項,鋼筋混凝土造,107年8月20日,六層,一層
RPTPMLRJJHOFFDM86CA,,20.30,見其他登記事項,鋼筋混凝土造,107年8月20日,六層,三層
RPTPMLRJJHOFFDM86CA,,19.95,見其他登記事項,鋼筋混凝土造,107年8月20日,六層,
RPTPMLRJJHOFFDM86CA,,.51,見其他登記事項,鋼筋混凝土造,107年8月20日,六層,一層
RPUNMLRJJHOFFDM76CA,,40.08,見其他登記事項,鋼筋混凝土造,107年8月20日,六層,五層
RPUNMLRJJHOFFDM76CA,,36.11,見其他登記事項,鋼筋混凝土造,107年8月20日,六層,
RPUNMLRJJHOFFDM76CA,,.51,見其他登記事項,鋼筋混凝土造,107年8月20日,六層,一層
RPSPMLRJJHOFFDM76CA,,25.51,見其他登記事項,鋼筋混凝土造,107年8月20日,六層,三層
RPSPMLRJJHOFFDM76CA,,25.57,見其他登記事項,鋼筋混凝土造,107年8月20日,六層,
RPSPMLRJJHOFFDM76CA,,.51,見其他登記事項,鋼筋混凝土造,107年8月20日,六層,一層
RPWNMLRJJHOFFDM96CA,,20.30,見其他登記事項,鋼筋混凝土造,107年8月20日,六層,三層
RPWNMLRJJHOFFDM96CA,,19.95,見其他登記事項,鋼筋混凝土造,107年8月20日,六層,
RPWNMLRJJHOFFDM96CA,,.51,見其他登記事項,鋼筋混凝土造,107年8月20日,六層,一層
RPVNMLRJJHOFFDM86CA,,30.36,見其他登記事項,鋼筋混凝土造,107年8月20日,六層,四層
RPVNMLRJJHOFFDM86CA,,29.81,見其他登記事項,鋼筋混凝土造,107年8月20日,六層,
RPVNMLRJJHOFFDM86CA,,.51,見其他登記事項,鋼筋混凝土造,107年8月20日,六層,一層
RPRNMLKKJHOFFDM48CA,,25.51,見其他登記事項,鋼筋混凝土造,107年8月20日,六層,六層
RPRNMLKKJHOFFDM48CA,,23.47,見其他登記事項,鋼筋混凝土造,107年8月20日,六層,
RPRNMLKKJHOFFDM48CA,,13.75,見其他登記事項,鋼筋混凝土造,107年8月20日,六層,
RPRNMLKKJHOFFDM48CA,,.51,見其他登記事項,鋼筋混凝土造,107年8月20日,六層,一層
RPVNMLLLKINFFDM56CA,23,176.25,農舍,鋼筋混凝土造,84年7月4日,二層,一層 二層
RPSNMLLLKINFFDM88CA,46,55.06,住家用,見其他登記事項,61年10月1日,一層,一層
RPQOMLOKJHOFFBM68CA,57,270.00,住商用,鋼筋混凝土加強磚造,51年3月30日,三層,一層 二層 三層 騎樓
RPRNMLLLKINFFBM58CA,44,86.91,住家用,鋼筋混凝土加強磚造,63年12月24日,二層,一層 二層
RPRNMLOJJHOFFCM68CA,20,125.79,住家用,鋼筋混凝土造,87年10月19日,三層,一層 二層 三層
RPXNMLMLKINFFAM56CA,24,84.38,住家用,鋼筋混凝土造,84年2月16日,十三層,九層
RPXNMLMLKINFFAM56CA,24,23.37,見其他登記事項,鋼筋混凝土造,84年2月16日,十三層,
RPXNMLMLKINFFAM56CA,24,12.67,停車空間,鋼筋混凝土造,84年2月16日,十三層,
RPQNMLLLKINFFAM38CA,20,64.31,住家用,鋼筋混凝土造,88年1月26日,五層,三層
RPQNMLLLKINFFAM38CA,20,6.16,住家用,鋼筋混凝土造,88年1月26日,五層,
RPOOMLOLKINFFCM78CA,23,105.74,見其他登記事項,鋼筋混凝土造,84年11月22日,十二層,四層
RPOOMLOLKINFFCM78CA,23,38.97,見其他登記事項,鋼筋混凝土造,84年11月22日,十二層,
RPXNMLKLKINFFBM09CA,,92.32,見其他登記事項,鋼筋混凝土造,107年6月7日,十五層,十四層
RPXNMLKLKINFFBM09CA,,78.87,見其他登記事項,鋼筋混凝土造,107年6月7日,十五層,
RPPOMLKLKINFFBM38CA,,92.35,見其他登記事項,鋼筋混凝土造,107年6月7日,十五層,五層
RPPOMLKLKINFFBM38CA,,78.87,見其他登記事項,鋼筋混凝土造,107年6月7日,十五層,
RPOOMLKLKINFFBM28CA,,79.06,見其他登記事項,鋼筋混凝土造,107年6月7日,十五層,六層
RPOOMLKLKINFFBM28CA,,72.49,見其他登記事項,鋼筋混凝土造,107年6月7日,十五層,
RPQOMLKLKINFFBM48CA,,92.32,見其他登記事項,鋼筋混凝土造,107年6月7日,十五層,十層
RPQOMLKLKINFFBM48CA,,78.87,見其他登記事項,鋼筋混凝土造,107年6月7日,十五層,
RPRNMLMLKINFFAM58CA,24,95.78,住家用,鋼筋混凝土造,84年2月16日,十三層,八層
RPRNMLMLKINFFAM58CA,24,23.87,見其他登記事項,鋼筋混凝土造,84年2月16日,十三層,
RPRNMLMLKINFFAM58CA,24,12.67,停車空間,鋼筋混凝土造,84年2月16日,十三層,
RPQNMLMJJHOFFAM18CA,1,170.36,見其他登記事項,鋼筋混凝土造,106年8月29日,三層,一層 二層 三層 屋頂突出物
RPSNMLRJJHOFFAM88CA,,177.19,見其他登記事項,鋼筋混凝土造,107年10月11日,三層,一層 二層 三層 屋頂突出物
RPOOMLLLKINFFDM58CA,23,26.37,見其他登記事項,鋼筋混凝土造,85年3月9日,五層,五層
RPOOMLLLKINFFDM58CA,23,6.47,見其他登記事項,鋼筋混凝土造,85年3月9日,七層,
RPOOMLLLKINFFDM58CA,23,5.82,見其他登記事項,鋼筋混凝土造,85年3月9日,五層,
RPQNMLMLKINFFDM78CA,47,188.81,住家用,見其他登記事項,61年6月1日,二層,一層 二層 騎樓
RPQNMLRJJHOFFDM98CA,,20.30,見其他登記事項,鋼筋混凝土造,107年8月20日,六層,五層
RPQNMLRJJHOFFDM98CA,,18.31,見其他登記事項,鋼筋混凝土造,107年8月20日,六層,
RPQNMLRJJHOFFDM98CA,,.51,見其他登記事項,鋼筋混凝土造,107年8月20日,六層,一層
RPQNMLRJJHOFFDM98CA,,13.75,見其他登記事項,鋼筋混凝土造,107年8月20日,六層,
RPPOMLLLKINFFDM68CA,23,27.37,見其他登記事項,鋼筋混凝土造,85年3月9日,七層,二層
RPPOMLLLKINFFDM68CA,23,16.30,見其他登記事項,鋼筋混凝土造,85年3月9日,七層,
RPPOMLLLKINFFDM68CA,23,6.43,見其他登記事項,鋼筋混凝土造,85年3月9日,七層,
RPQNMLQKJHOFFBM78CA,1,224.85,見其他登記事項,鋼筋混凝土造,106年11月24日,四層,一層 二層 三層 四層 見其他登記事項
RPPOMLRJJHOFFDM98CA,,20.30,見其他登記事項,鋼筋混凝土造,107年8月20日,六層,五層
RPPOMLRJJHOFFDM98CA,,18.31,見其他登記事項,鋼筋混凝土造,107年8月20日,六層,
RPPOMLRJJHOFFDM98CA,,.51,見其他登記事項,鋼筋混凝土造,107年8月20日,六層,一層
RPWNMLLLKINFFDM66CA,25,34.73,見其他登記事項,鋼筋混凝土造,82年8月12日,地下層,
RPWNMLLLKINFFDM66CA,26,179.47,住家用,鋼筋混凝土造,82年5月26日,四層,一層 二層 三層 四層
RPVQMLRJJHOFFDM17CA,,62.77,見其他登記事項,鋼筋混凝土造,107年8月20日,六層,一層
RPVQMLRJJHOFFDM17CA,,37.06,見其他登記事項,鋼筋混凝土造,107年8月20日,六層,
RPVQMLRJJHOFFDM17CA,,34.75,見其他登記事項,鋼筋混凝土造,107年8月20日,六層,
RPVQMLRJJHOFFDM17CA,,.51,見其他登記事項,鋼筋混凝土造,107年8月20日,六層,一層
RPROMLRJJHOFFDM56CA,,25.51,見其他登記事項,鋼筋混凝土造,107年8月20日,六層,五層
RPROMLRJJHOFFDM56CA,,23.47,見其他登記事項,鋼筋混凝土造,107年8月20日,六層,
RPROMLRJJHOFFDM56CA,,.51,見其他登記事項,鋼筋混凝土造,107年8月20日,六層,一層
RPSNMLPLKINFFEM76CA,24,159.50,住家用,見其他登記事項,84年4月7日,三層,一層 二層 三層 屋頂突出物 騎樓
RPPNMLSLKINFFEM76CA,,78.46,住家用,鋼筋混凝土加強磚造,,二層,一層 二層
RPTNMLNJJHOFFAM58CA,38,113.04,住家用,鋼筋混凝土加強磚造,69年12月20日,二層,一層 二層 騎樓
RPUNMLOLKINFFCM66CA,20,182.66,見其他登記事項,加強磚造,87年7月2日,一層,一層
RPQNMLQLKINFFAM88CA,38,102.05,住商用,鋼筋混凝土加強磚造,69年10月22日,三層,一層 二層 三層
RPVNMLSKJHOFFAM76CA,1,151.90,住家用,鋼筋混凝土造,106年12月18日,三層,一層 二層 三層
RPQOMLSKJHOFFAM98CA,1,155.82,住家用,鋼筋混凝土造,106年12月18日,三層,一層 二層 三層
RPPNMLSKJHOFFAM78CA,1,138.93,住家用,鋼筋混凝土造,106年12月18日,三層,一層 二層 三層
RPSNMLSKJHOFFAM09CA,1,151.90,住家用,鋼筋混凝土造,106年12月18日,三層,一層 二層 三層
RPWNMLMJJHOFFAM78CA,24,133.89,住家用,鋼筋混凝土造,83年9月30日,三層,一層 二層 三層 夾層
RPPOMLOLKINFFCM88CA,24,16.11,見其他登記事項,鋼筋混凝土造,83年7月8日,十二層,
RPPOMLOLKINFFCM88CA,24,110.69,見其他登記事項,鋼筋混凝土造,83年7月8日,十二層,十一層
RPRNMLPLKINFFCM09CA,33,152.23,住家用,鋼筋混凝土造,74年5月17日,二層,一層 二層
RPQNMLPLKINFFBM88CA,11,15.00,農舍,見其他登記事項,96年9月5日,一層,一層
RPSNMLNJJHOFFEM88CA,35,19.94,住商用,鋼筋混凝土造,73年1月12日,一層,一層 騎樓
RPPNMLRKJHOFFAM68CA,24,133.02,住家用,鋼筋混凝土造,83年7月19日,三層,一層 二層 三層 夾層
RPUNMLRKJHOFFAM56CA,,167.47,見其他登記事項,鋼筋混凝土造,107年11月7日,三層,一層 二層 三層 屋頂突出物
RPOOMLRKJHOFFAM68CA,,168.85,見其他登記事項,鋼筋混凝土造,107年11月7日,三層,一層 二層 三層 屋頂突出物
RPTNMLQLKINFFBM66CA,3,216.83,見其他登記事項,鋼筋混凝土造,104年7月7日,四層,一層 二層 三層 四層
RPUOMLRKJHOFFAM66CA,,151.21,住家用,鋼筋混凝土造,107年11月7日,三層,一層 二層 三層
RPVOMLRKJHOFFAM76CA,,171.15,見其他登記事項,鋼筋混凝土造,107年11月7日,三層,一層 二層 三層 屋頂突出物
RPXOMLRKJHOFFAM96CA,,164.80,住家用,鋼筋混凝土造,107年11月7日,三層,一層 二層 三層
RPTOMLRKJHOFFAM56CA,,190.17,見其他登記事項,鋼筋混凝土造,107年11月7日,四層,一層 二層 三層 四層
RPWOMLRKJHOFFAM86CA,,171.15,見其他登記事項,鋼筋混凝土造,107年11月7日,三層,一層 二層 三層 屋頂突出物
RPOPMLRKJHOFFAM78CA,,246.96,見其他登記事項,鋼筋混凝土造,107年11月7日,三層,一層 二層 三層 屋頂突出物
RPPNMLPKJHOFFAM48CA,31,1518.33,工業用,見其他登記事項,76年12月24日,二層,一層 二層 地下層
RPUOMLNKJHOFFBM98CA,1,80.08,見其他登記事項,鋼筋混凝土造,107年5月2日,十一層,十層
RPUOMLNKJHOFFBM98CA,1,56.67,見其他登記事項,鋼筋混凝土造,107年5月2日,十一層,
RPUNMLSLKINFFBM96CA,38,66.78,住家用,磚造,69年10月20日,一層,一層
RPPOMLRKJHOFFAM78CA,,170.22,見其他登記事項,鋼筋混凝土造,107年11月7日,三層,一層 二層 三層 屋頂突出物
RPQOMLRKJHOFFAM88CA,,171.15,見其他登記事項,鋼筋混凝土造,107年11月7日,三層,一層 二層 三層 屋頂突出物
RPUNMLQLKINFFBM76CA,1,372.81,住家用,鋼筋混凝土造,107年4月24日,四層,一層 二層 三層 四層 見其他登記事項
RPQNMLRLKINFFBM09CA,37,114.32,住商用,鋼筋混凝土造,70年9月25日,二層,一層 二層 騎樓
RPVNMLSLKINFFBM07CA,34,108.78,住家用,鋼筋混凝土造,74年4月30日,二層,一層 二層
RPTNMLNJJHOFFCM78CA,14,103.86,見其他登記事項,鋼筋混凝土造,93年10月5日,十層,五層
RPTNMLNJJHOFFCM78CA,14,37.06,見其他登記事項,鋼筋混凝土造,93年10月5日,十層,
RPTOMLTJJHOFFAM66CA,8,201.94,農舍,見其他登記事項,99年10月14日,一層,一層
RPRNMLSJJHOFFDM56CA,26,94.79,見其他登記事項,鋼筋混凝土造,82年4月29日,五層,五層
RPRNMLSJJHOFFDM56CA,26,21.34,見其他登記事項,鋼筋混凝土造,82年4月29日,五層,
RPTNMLRLKINFFBM76CA,24,153.51,住家用,鋼筋混凝土造,83年6月28日,四層,一層 二層 三層 四層
RPTNMLSLKINFFCM96CA,15,180.07,住家用,鋼筋混凝土造,92年10月8日,二層,一層 二層
RPRNMLMJJHOFFAM28CA,25,124.30,住家用,鋼筋混凝土造,83年5月9日,三層,一層 二層 三層 屋頂突出物
RPWOMLSLJHOFFCM27CA,24,309.96,農舍,鋼筋混凝土造,84年1月27日,二層,一層 二層
RPWOMLSLJHOFFCM27CA,24,309.96,農舍,鋼筋混凝土造,84年1月27日,二層,一層 二層
RPPOMLNJJHOFFAM28CA,1,190.17,住家用,鋼筋混凝土造,106年10月2日,四層,一層 二層 三層 四層
RPXOMLLKJHOFFAM98CA,22,144.42,見其他登記事項,鋼筋混凝土造,85年7月18日,三層,一層 二層 三層 騎樓
RPUNMLRLKINFFBM86CA,,92.35,見其他登記事項,鋼筋混凝土造,107年6月7日,十五層,八層
RPUNMLRLKINFFBM86CA,,78.87,見其他登記事項,鋼筋混凝土造,107年6月7日,十五層,
RPVNMLRKJHOFFAM66CA,3,176.23,見其他登記事項,鋼筋混凝土造,104年8月4日,四層,一層 二層 三層 四層 屋頂突出物
RPWNMLTJJHOFFCM07CA,22,161.26,住家用,鋼筋混凝土造,85年6月27日,三層,一層 二層 三層
RPQNMLTJJHOFFDM56CA,15,60.19,住家用,見其他登記事項,92年11月7日,一層,一層
RPQNMLRKJHOFFDM09CA,,189.52,見其他登記事項,鋼筋混凝土造,107年11月13日,三層,一層 二層 三層 見其他登記事項
RPRNMLMJJHOFFDM58CA,38,97.14,住家用,鋼筋混凝土加強磚造,69年12月31日,二層,一層 二層
RPTNMLRKJHOFFDM76CA,,189.56,見其他登記事項,鋼筋混凝土造,107年11月13日,三層,一層 二層 三層 見其他登記事項
RPSNMLRKJHOFFBM09CA,38,71.66,住家用,鋼筋混凝土造,70年2月10日,一層,一層
RPRNMLNJJHOFFAM38CA,25,111.92,住家用,鋼筋混凝土造,82年12月8日,十層,七層
RPRNMLNJJHOFFAM38CA,25,23.54,見其他登記事項,鋼筋混凝土造,82年12月8日,十層,
RPUNMLNJJHOFFEM09CA,30,251.36,住商用,鋼筋混凝土造,78年3月1日,四層,一層 二層 三層 四層 騎樓 地下層
RPPNMLSJJHOFFAM68CA,27,69.27,住家用,鋼筋混凝土造,81年5月27日,五層,二層
RPPNMLSJJHOFFAM68CA,27,8.76,共有部份,鋼筋混凝土造,81年5月27日,五層,
RPUNMLMJJHOFFAM58CA,40,74.94,住家用,鋼筋混凝土加強磚造,68年4月7日,二層,一層 二層
RPTNMLSJJHOFFBM56CA,,294.05,見其他登記事項,鋼筋混凝土造,107年9月10日,四層,一層 二層 三層 四層 見其他登記事項
RPRNMLPJJHOFFCM78CA,8,66.90,農舍,見其他登記事項,100年3月15日,一層,一層
RPTNMLSKJHOFFBM66CA,38,97.86,住家用,加強磚造,70年1月15日,二層,一層 二層
RPQNMLNJJHOFFEM68CA,12,118.94,見其他登記事項,見其他登記事項,96年3月26日,三層,一層 二層 三層 屋頂突出物
RPSNMLPLJHOFFEM66CA,9,245.45,見其他登記事項,見其他登記事項,98年8月10日,四層,一層 二層 三層 四層 騎樓
RPQNMLPLJHOFFBM78CA,,177.24,見其他登記事項,鋼筋混凝土造,107年8月22日,三層,一層 二層 三層 見其他登記事項
RPQNMLPLJHOFFBM78CA,,.15,見其他登記事項,鋼筋混凝土造,107年8月22日,一層,
RPUNMLNJJHOFFCM98DA,26,256.94,住家用,鋼筋混凝土造,81年7月17日,四層,一層 二層 三層 四層 騎樓
RPSNMLKKJHOFFBM38CA,25,154.46,住商用,鋼筋混凝土造,82年10月30日,九層,一層 二層 騎樓
RPSNMLKKJHOFFBM38CA,25,18.46,見其他登記事項,鋼筋混凝土造,82年10月30日,九層,
RPVNMLNJJHOFFCM09DA,26,256.94,住家用,鋼筋混凝土造,81年7月17日,四層,一層 二層 三層 四層 騎樓
RPQNMLOKJHOFFDM78CA,39,83.48,住家用,鋼筋混凝土加強磚造,68年7月15日,一層,一層 騎樓
RPPNMLLKJHOFFBM18CA,6,215.16,見其他登記事項,鋼筋混凝土造,101年10月18日,四層,一層 二層 三層 四層 騎樓
RPPNMLRJJHOFFCM78CA,35,99.46,住商用,鋼筋混凝土造,73年5月31日,二層,一層 二層 騎樓
RPPNMLSJJHOFFBM78CA,36,117.00,住家用,鋼筋混凝土造,72年1月11日,三層,一層 二層 三層
RPSPMLOKJHOFFAM88CA,,54.58,見其他登記事項,鋼筋混凝土造,107年9月13日,五層,三層
RPSPMLOKJHOFFAM88CA,,13.68,見其他登記事項,鋼筋混凝土造,107年9月13日,五層,
RPROMLSKJHOFFAM09CA,1,151.90,住家用,鋼筋混凝土造,106年12月18日,三層,一層 二層 三層
RPOPMLOKJHOFFAM48CA,18,154.96,住家用,鋼筋混凝土造,90年1月10日,三層,一層 二層 三層
RPTPMLSKJHOFFAM76CA,1,182.27,住家用,鋼筋混凝土造,106年12月18日,三層,一層 二層 三層
RPRPMLSKJHOFFAM56CA,1,158.91,住家用,鋼筋混凝土造,106年12月18日,三層,一層 二層 三層
RPXOMLSKJHOFFAM07CA,1,162.88,住家用,鋼筋混凝土造,106年12月18日,三層,一層 二層 三層
RPPPMLSKJHOFFAM98CA,1,182.37,住家用,鋼筋混凝土造,106年12月18日,三層,一層 二層 三層
RPRNMLPLJHOFFBM88CA,13,214.65,見其他登記事項,鋼筋混凝土造,95年3月8日,三層,一層 二層 三層 屋頂突出物
RPXNMLPLJHOFFAM76CA,24,143.38,住家用,鋼筋混凝土造,84年5月8日,三層,一層 二層 三層 屋頂突出物
RPUNMLPLJHOFFAM09CA,30,110.01,住家用,加強磚造,77年6月30日,二層,一層 二層
RPPNMLRJJHOFFAM58CA,24,144.42,住家用,鋼筋混凝土造,83年7月19日,三層,一層 二層 三層
RPSOMLTJJHOFFAM56CA,,181.41,見其他登記事項,鋼筋混凝土造,107年10月8日,三層,一層 二層 三層 屋頂突出物
RPQNMLRJJHOFFAM68CA,,191.47,見其他登記事項,鋼筋混凝土造,107年10月8日,三層,一層 二層 三層 屋頂突出物
RPXNMLTJJHOFFAM96CA,,188.04,見其他登記事項,鋼筋混凝土造,107年10月8日,三層,一層 二層 三層 屋頂突出物
RPOOMLTJJHOFFAM78CA,,201.51,見其他登記事項,鋼筋混凝土造,107年10月8日,三層,一層 二層 三層 屋頂突出物
RPWNMLTJJHOFFAM86CA,,198.70,見其他登記事項,鋼筋混凝土造,107年10月8日,三層,一層 二層 三層 屋頂突出物
RPROMLTJJHOFFAM09CA,,183.38,見其他登記事項,鋼筋混凝土造,107年10月8日,三層,一層 二層 三層 屋頂突出物
RPPOMLTJJHOFFAM88CA,,181.41,見其他登記事項,鋼筋混凝土造,107年10月8日,三層,一層 二層 三層 屋頂突出物
RPQOMLTJJHOFFAM98CA,,201.51,見其他登記事項,鋼筋混凝土造,107年10月8日,三層,一層 二層 三層 屋頂突出物
RPUNMLRJJHOFFAM09CA,,191.47,見其他登記事項,鋼筋混凝土造,107年10月8日,三層,一層 二層 三層 屋頂突出物
RPVNMLRJJHOFFAM56CA,,191.47,見其他登記事項,鋼筋混凝土造,107年10月8日,三層,一層 二層 三層 屋頂突出物
RPPNMLRJJHOFFBM68CA,51,70.16,住家用,鋼筋混凝土加強磚造,57年1月19日,二層,一層 二層
RPWNMLRJJHOFFAM66CA,,191.47,見其他登記事項,鋼筋混凝土造,107年10月8日,三層,一層 二層 三層 屋頂突出物
RPXNMLRJJHOFFAM76CA,,191.47,見其他登記事項,鋼筋混凝土造,107年10月8日,三層,一層 二層 三層 屋頂突出物
RPOOMLRJJHOFFAM58CA,,191.47,見其他登記事項,鋼筋混凝土造,107年10月8日,三層,一層 二層 三層 屋頂突出物
RPPNMLSKJHOFFBM88CA,15,128.26,住家用,鋼筋混凝土造,93年1月16日,三層,一層 二層 三層 電梯樓梯間
RPPOMLRJJHOFFAM68CA,,191.47,見其他登記事項,鋼筋混凝土造,107年10月8日,三層,一層 二層 三層 屋頂突出物
RPTNMLMLJHOFFCM88CA,14,154.70,住家用,鋼筋混凝土造,93年10月1日,四層,一層 二層 三層 四層
RPPNMLMLJHOFFBM38CA,15,128.50,住家用,鋼筋混凝土造,93年1月16日,三層,一層 二層 三層 電梯樓梯間
RPRNMLMLJHOFFBM58CA,15,128.26,住家用,鋼筋混凝土造,93年1月16日,三層,一層 二層 三層 電梯樓梯間
RPQNMLLKJHOFFDM48CA,24,97.73,見其他登記事項,鋼筋混凝土造,84年4月8日,六層,一層
RPQNMLLKJHOFFDM48CA,24,71.86,見其他登記事項,鋼筋混凝土造,84年4月8日,六層,一層
RPQNMLLKJHOFFDM48CA,24,.54,見其他登記事項,鋼筋混凝土造,84年4月8日,六層,
RPQNMLLKJHOFFDM48CA,24,.54,見其他登記事項,鋼筋混凝土造,84年4月8日,六層,
RPQNMLLKJHOFFDM48CA,24,32.15,見其他登記事項,鋼筋混凝土造,84年4月8日,六層,
RPRNMLSKJHOFFCM56CA,14,154.70,住家用,鋼筋混凝土造,93年10月1日,四層,一層 二層 三層 四層
RPQNMLMLJHOFFBM48CA,15,128.50,住家用,鋼筋混凝土造,93年1月16日,三層,一層 二層 三層 電梯樓梯間
RPRNMLOJJHOFFDM78CA,20,76.51,見其他登記事項,鋼筋混凝土造,87年11月17日,八層,五層
RPRNMLOJJHOFFDM78CA,20,28.93,見其他登記事項,鋼筋混凝土造,87年11月17日,八層,
RPSNMLOLJHOFFCM98CA,14,154.70,住家用,鋼筋混凝土造,93年10月1日,四層,一層 二層 三層 四層
RPOOMLPLJHOFFCM78CA,25,323.78,住商用,鋼筋混凝土造,82年9月27日,四層,一層 二層 三層 四層 騎樓
RPSNMLSKJHOFFCM66CA,14,152.93,住家用,鋼筋混凝土造,93年10月1日,四層,一層 二層 三層 四層
RPQNMLSKJHOFFCM09CA,14,154.70,住家用,鋼筋混凝土造,93年10月1日,四層,一層 二層 三層 四層
RPUNMLMLJHOFFCM98CA,14,152.93,住家用,鋼筋混凝土造,93年10月1日,四層,一層 二層 三層 四層
RPSNMLMLJHOFFCM78CA,14,154.70,住家用,鋼筋混凝土造,93年10月1日,四層,一層 二層 三層 四層
RPPOMLSKJHOFFCM09CA,4,351.34,見其他登記事項,鋼筋混凝土造,104年2月9日,四層,一層 二層 三層 四層 見其他登記事項
RPUNMLSKJHOFFCM86CA,14,153.52,住家用,鋼筋混凝土造,93年10月1日,四層,一層 二層 三層 四層
RPTOMLOLJHOFFCM56CA,14,154.70,住家用,鋼筋混凝土造,93年10月1日,四層,一層 二層 三層 四層
RPQOMLMLJHOFFCM68CA,14,154.70,住家用,鋼筋混凝土造,93年10月1日,四層,一層 二層 三層 四層
RPUOMLOLJHOFFCM66CA,14,154.70,住家用,鋼筋混凝土造,93年10月1日,四層,一層 二層 三層 四層
RPSOMLMLJHOFFCM88CA,14,154.70,住家用,鋼筋混凝土造,93年10月1日,四層,一層 二層 三層 四層
RPROMLMLJHOFFCM78CA,14,154.70,住家用,鋼筋混凝土造,93年10月1日,四層,一層 二層 三層 四層
RPQNMLMLJHOFFCM58CA,14,154.70,住家用,鋼筋混凝土造,93年10月1日,四層,一層 二層 三層 四層
RPWNMLMLJHOFFCM56CA,14,154.70,住家用,鋼筋混凝土造,93年10月4日,四層,一層 二層 三層 四層
RPRNMLMLJHOFFCM68CA,14,154.70,住家用,鋼筋混凝土造,93年10月1日,四層,一層 二層 三層 四層
RPSNMLSJJHOFFBM09CA,1,60.16,見其他登記事項,鋼筋混凝土造,106年12月20日,九層,四層
RPSNMLSJJHOFFBM09CA,1,29.80,見其他登記事項,鋼筋混凝土造,106年12月20日,九層,
RPUNMLSLJHOFFCM96CA,,250.58,住家用,鋼筋混凝土造,107年8月1日,四層,一層 二層 三層 四層
RPWOMLOLJHOFFCM86CA,14,154.70,住家用,鋼筋混凝土造,93年10月1日,四層,一層 二層 三層 四層
RPRNMLOLJHOFFCM88CA,14,153.52,住家用,鋼筋混凝土造,93年10月1日,四層,一層 二層 三層 四層
RPSNMLSKJHOFFBM56CA,28,245.63,住商用,鋼筋混凝土造,79年7月11日,三層,一層 二層 三層 地下層
RPPNMLTJJHOFFAM78CA,4,56.32,見其他登記事項,鋼筋混凝土造,103年10月21日,五層,三層 四層
RPPNMLTJJHOFFAM78CA,4,5.92,見其他登記事項,鋼筋混凝土造,103年10月21日,五層,
RPUOMLTJJHOFFAM76CA,21,86.70,住家用,鋼筋混凝土造,86年9月19日,十四層,十一層
RPUOMLTJJHOFFAM76CA,21,21.41,見其他登記事項,鋼筋混凝土造,86年9月19日,十四層,
RPUOMLTJJHOFFAM76CA,21,17.18,停車空間,鋼筋混凝土造,86年9月19日,十四層,
RPOOMLKMJHOFFAM18CA,33,164.49,住商用,鋼筋混凝土加強磚造,74年12月16日,三層,一層 二層 三層 騎樓
RPXOMLOKJHOFFAM66CA,,172.34,見其他登記事項,鋼筋混凝土造,107年9月21日,三層,一層 二層 三層 屋頂突出物
RPQOMLNLJHOFFAM58CA,39,96.27,住商用,鋼筋混凝土加強磚造,69年4月12日,二層,一層 二層 騎樓
RPRNMLSJJHOFFBM98CA,45,100.44,住家用,鋼筋混凝土加強磚造,63年1月1日,二層,一層 二層 騎樓
RPRNMLQKJHOFFAM78CA,20,147.38,住家用,鋼筋混凝土造,87年10月23日,四層,一層 二層 三層 四層
RPUNMLOLJHOFFCM56CA,14,153.52,住家用,鋼筋混凝土造,93年10月1日,四層,一層 二層 三層 四層
RPQNMLKKJHOFFBM18CA,,196.34,見其他登記事項,鋼筋混凝土造,107年8月27日,三層,一層 二層 三層 見其他登記事項
RPRNMLKKJHOFFBM28CA,6,72.29,農舍,見其他登記事項,101年8月10日,一層,一層
RPTOMLMLJHOFFCM98CA,14,154.70,住家用,鋼筋混凝土造,93年10月1日,四層,一層 二層 三層 四層
RPOOMLOLJHOFFCM68CA,14,153.52,住家用,鋼筋混凝土造,93年10月1日,四層,一層 二層 三層 四層
RPVNMLMLJHOFFCM09CA,14,154.70,住家用,鋼筋混凝土造,93年10月1日,四層,一層 二層 三層 四層
RPVOMLOLJHOFFCM76CA,14,154.70,住家用,鋼筋混凝土造,93年10月1日,四層,一層 二層 三層 四層
RPVNMLSKJHOFFCM96CA,14,154.70,住家用,鋼筋混凝土造,93年10月1日,四層,一層 二層 三層 四層
RPWNMLSKJHOFFCM07CA,14,152.93,住家用,鋼筋混凝土造,93年10月4日,四層,一層 二層 三層 四層
RPRNMLTJJHOFFCM56CA,44,72.52,住家用,鋼筋混凝土加強磚造,63年11月21日,二層,一層 二層
RPXNMLQKJHOFFBM96DA,25,103.32,住家用,加強磚造,82年11月3日,二層,一層 二層 電梯樓梯間
RPWNMLOLJHOFFCM76CA,14,154.70,住家用,鋼筋混凝土造,93年10月1日,四層,一層 二層 三層 四層
RPVNMLOLJHOFFCM66CA,14,154.70,住家用,鋼筋混凝土造,93年10月1日,四層,一層 二層 三層 四層
RPXNMLTJJHOFFDM27CA,26,223.50,住商用,鋼筋混凝土造,82年2月10日,三層,一層 二層 三層 騎樓 電梯樓梯間
RPXNMLOLJHOFFCM86CA,14,154.70,住家用,鋼筋混凝土造,93年10月1日,四層,一層 二層 三層 四層
RPRNMLLKJHOFFCM48CA,11,217.11,住家用,鋼筋混凝土造,96年10月24日,四層,一層 二層 三層 四層
RPQNMLLKJHOFFBM28CA,40,186.75,住商用,鋼筋混凝土加強磚造,67年10月13日,三層,一層 二層 三層 騎樓
RPXNMLKKJHOFFBM88CA,18,296.13,住家用,鋼筋混凝土造,89年12月20日,三層,一層 二層 三層
RPSNMLPKJHOFFBM88CA,49,114.40,住家用,鋼筋混凝土加強磚造,59年5月9日,三層,一層 二層 三層
RPSNMLQKJHOFFAM88CA,,61.29,見其他登記事項,鋼筋混凝土造,107年9月13日,五層,四層
RPSNMLQKJHOFFAM88CA,,15.35,見其他登記事項,鋼筋混凝土造,107年9月13日,五層,
RPXNMLQKJHOFFAM76CA,,81.21,見其他登記事項,鋼筋混凝土造,107年9月13日,五層,二層
RPXNMLQKJHOFFAM76CA,,20.31,見其他登記事項,鋼筋混凝土造,107年9月13日,五層,
RPOOMLQKJHOFFAM58CA,,61.29,見其他登記事項,鋼筋混凝土造,107年9月13日,五層,五層
RPOOMLQKJHOFFAM58CA,,15.35,見其他登記事項,鋼筋混凝土造,107年9月13日,五層,
RPPNMLMKJHOFFEM58CA,23,159.85,住家用,鋼筋混凝土造,84年10月24日,三層,一層 二層 三層 屋頂突出物 騎樓
RPPOMLQKJHOFFAM68CA,,80.94,見其他登記事項,鋼筋混凝土造,107年9月13日,五層,四層
RPPOMLQKJHOFFAM68CA,,20.26,見其他登記事項,鋼筋混凝土造,107年9月13日,五層,
RPQNMLOLJHOFFCM78CA,14,154.70,住家用,鋼筋混凝土造,93年10月1日,四層,一層 二層 三層 四層
RPUNMLLKJHOFFAM58CA,40,93.88,住商用,鋼筋混凝土加強磚造,67年7月13日,二層,一層 二層 騎樓
RPWNMLLKJHOFFAM78CA,,194.56,見其他登記事項,鋼筋混凝土造,107年10月8日,三層,一層 二層 三層 屋頂突出物
RPPOMLLKJHOFFAM18CA,,237.76,見其他登記事項,鋼筋混凝土造,107年10月8日,三層,一層 二層 三層 屋頂突出物
RPSOMLLKJHOFFAM48CA,,184.22,見其他登記事項,鋼筋混凝土造,107年10月8日,三層,一層 二層 三層 屋頂突出物
RPROMLLKJHOFFAM38CA,,245.53,見其他登記事項,鋼筋混凝土造,107年10月8日,三層,一層 二層 三層 屋頂突出物
RPUOMLLKJHOFFAM68CA,,180.23,見其他登記事項,鋼筋混凝土造,107年10月8日,三層,一層 二層 三層 屋頂突出物
RPUNMLPKJHOFFAM98CA,,80.94,見其他登記事項,鋼筋混凝土造,107年9月13日,五層,三層
RPUNMLPKJHOFFAM98CA,,20.26,見其他登記事項,鋼筋混凝土造,107年9月13日,五層,
RPQNMLNKJHOFFAM38CA,,169.65,住商用,鋼筋混凝土加強磚造,,三層,一層 二層 三層 騎樓
RPSOMLTLJHOFFAM76CA,2,215.61,見其他登記事項,鋼筋混凝土造,106年5月19日,三層,一層 二層 三層
RPQOMLTLJHOFFAM56CA,25,185.25,住家用,鋼筋混凝土造,83年1月11日,四層,一層 二層 三層 四層 屋頂突出物
RPOOMLLKJHOFFAM08CA,,208.65,見其他登記事項,鋼筋混凝土造,107年10月8日,三層,一層 二層 三層 屋頂突出物
RPQOMLLKJHOFFAM28CA,,234.48,見其他登記事項,鋼筋混凝土造,107年10月8日,三層,一層 二層 三層 屋頂突出物
RPOOMLNLJHOFFAM38CA,1,87.12,見其他登記事項,鋼筋混凝土造,107年5月1日,五層,五層
RPOOMLNLJHOFFAM38CA,1,16.72,見其他登記事項,鋼筋混凝土造,107年5月1日,五層,
RPOOMLNLJHOFFAM38CA,1,22.89,見其他登記事項,鋼筋混凝土造,107年5月1日,一層,
RPVOMLOKJHOFFAM09CA,9,127.11,農舍,見其他登記事項,99年5月14日,三層,一層 二層 三層
RPROMLQKJHOFFAM88CA,1,170.36,見其他登記事項,鋼筋混凝土造,106年8月29日,三層,一層 二層 三層 屋頂突出物
RPXNMLLKJHOFFAM88CA,,184.22,見其他登記事項,鋼筋混凝土造,107年10月8日,三層,一層 二層 三層 屋頂突出物
RPTOMLLKJHOFFAM58CA,,180.61,見其他登記事項,鋼筋混凝土造,107年10月8日,三層,一層 二層 三層 屋頂突出物
RPSNMLOLJHOFFBM88CA,,161.09,見其他登記事項,鋼筋混凝土造,107年8月22日,三層,一層 二層 三層 見其他登記事項
RPSNMLOLJHOFFBM88CA,,.15,見其他登記事項,鋼筋混凝土造,107年8月22日,一層,
RPTNMLOLJHOFFCM09CA,14,154.70,住家用,鋼筋混凝土造,93年10月1日,四層,一層 二層 三層 四層
RPTNMLOLJHOFFBM98CA,,161.09,見其他登記事項,鋼筋混凝土造,107年8月22日,三層,一層 二層 三層 見其他登記事項
RPTNMLOLJHOFFBM98CA,,.15,見其他登記事項,鋼筋混凝土造,107年8月22日,一層,
RPRNMLOKJHOFFDM88CA,23,50.03,見其他登記事項,鋼筋混凝土造,85年4月1日,四層,一層
RPRNMLOKJHOFFDM88CA,23,27.84,見其他登記事項,鋼筋混凝土造,85年4月1日,四層,
RPPNMLPKJHOFFCM68CA,24,31.99,見其他登記事項,鋼筋混凝土造,83年10月13日,十二層,五層
RPPNMLPKJHOFFCM68CA,24,15.64,見其他登記事項,鋼筋混凝土造,83年10月13日,十二層,
RPTNMLPLJHOFFCM56CA,4,309.34,農舍,木造,104年1月27日,二層,一層 二層
RPPNMLTKJHOFFDM56CA,4,191.09,見其他登記事項,鋼筋混凝土造,103年12月27日,三層,一層 二層 三層 見其他登記事項
RPOOMLOKJHOFFBM48CA,,293.92,見其他登記事項,鋼筋混凝土造,107年9月10日,四層,一層 二層 三層 四層 見其他登記事項
RPRNMLSKJHOFFBM09CA,1,189.03,見其他登記事項,鋼筋混凝土造,106年12月20日,四層,一層 二層 三層 四層 見其他登記事項
RPRNMLSKJHOFFBM09CA,1,.18,見其他登記事項,鋼筋混凝土造,106年12月20日,九層,
RPRNMLPKJHOFFBM78CA,23,103.42,住家用,鋼筋混凝土造,84年7月19日,八層,八層
RPRNMLPKJHOFFBM78CA,23,35.41,見其他登記事項,鋼筋混凝土造,84年7月19日,八層,
RPQNMLQKJHOFFAM68CA,1,493.80,見其他登記事項,見其他登記事項,106年11月6日,二層,一層 二層 屋頂突出物
RPUNMLOKJHOFFBM98CA,,112.56,見其他登記事項,鋼筋混凝土造,107年6月7日,十五層,二層
RPUNMLOKJHOFFBM98CA,,123.46,見其他登記事項,鋼筋混凝土造,107年6月7日,十五層,
RPVNMLLKJHOFFAM68CA,40,75.06,住家用,鋼筋混凝土加強磚造,68年2月23日,二層,一層 二層
RPPNMLOKJHOFFAM38CA,38,41.19,住家用,鋼筋混凝土加強磚造,69年12月1日,一層,一層
RPTNMLOKJHOFFAM78CA,,546.31,住家用,鋼筋混凝土造,107年10月8日,四層,一層 二層 三層 四層
RPVNMLOKJHOFFAM98CA,,181.41,見其他登記事項,鋼筋混凝土造,107年10月8日,三層,一層 二層 三層 屋頂突出物
RPUNMLOKJHOFFAM88CA,,181.41,見其他登記事項,鋼筋混凝土造,107年10月8日,三層,一層 二層 三層 屋頂突出物
RPWOMLLKJHOFFAM88CA,,236.67,住家用,鋼筋混凝土造,107年10月8日,四層,一層 二層 三層 四層
RPVOMLLKJHOFFAM78CA,,184.22,見其他登記事項,鋼筋混凝土造,107年10月8日,三層,一層 二層 三層 屋頂突出物
RPROMLTLJHOFFAM66CA,23,23.46,住家用,鋼筋混凝土造,85年4月10日,七層,二層
RPROMLTLJHOFFAM66CA,23,12.59,見其他登記事項,鋼筋混凝土造,85年4月10日,七層,
RPQOMLOKJHOFFAM58CA,,188.04,見其他登記事項,鋼筋混凝土造,107年10月8日,三層,一層 二層 三層 屋頂突出物
RPOOMLOKJHOFFAM38CA,,180.11,見其他登記事項,鋼筋混凝土造,107年10月8日,三層,一層 二層 三層 屋頂突出物
RPWNMLOKJHOFFAM09CA,,178.66,見其他登記事項,鋼筋混凝土造,107年10月8日,三層,一層 二層 三層 屋頂突出物
RPXNMLOKJHOFFAM56CA,,178.66,見其他登記事項,鋼筋混凝土造,107年10月8日,三層,一層 二層 三層 屋頂突出物
RPROMLOKJHOFFAM68CA,,181.41,見其他登記事項,鋼筋混凝土造,107年10月8日,三層,一層 二層 三層 屋頂突出物
RPPPMLRKJHOFFAM88CA,11,124.91,住家用,鋼筋混凝土造,96年9月17日,三層,一層 二層 三層 屋頂突出物
RPTPMLOKJHOFFAM98CA,24,133.89,住家用,鋼筋混凝土造,83年9月30日,三層,一層 二層 三層 夾層
RPPOMLOKJHOFFAM48CA,,188.04,見其他登記事項,鋼筋混凝土造,107年10月8日,三層,一層 二層 三層 屋頂突出物
RPROMLOKJHOFFBM78CA,27,21.55,住家用,鋼筋混凝土造,80年9月20日,九層,六層
RPROMLOKJHOFFBM78CA,27,8.66,見其他登記事項,鋼筋混凝土造,80年9月20日,九層,
RPROMLOKJHOFFBM78CA,27,4.71,見其他登記事項,鋼筋混凝土造,80年9月20日,十一層,
RPVNMLPKJHOFFAM09CA,20,1212.13,見其他登記事項,見其他登記事項,87年8月1日,二層,一層 二層 地下層
RPVNMLTKJHOFFBM96CA,24,220.82,住商用,鋼筋混凝土造,84年5月1日,四層,一層 二層 三層 四層 屋頂突出物
RPROMLRKJHOFFAM98CA,25,185.74,住家用,鋼筋混凝土造,82年6月17日,三層,一層 二層 三層 騎樓
RPWNMLTKJHOFFAM96CA,20,76.63,住家用,鋼筋混凝土造,88年2月12日,十二層,六層
RPWNMLTKJHOFFAM96CA,20,29.27,見其他登記事項,鋼筋混凝土造,88年2月12日,十二層,
RPQNMLPKJHOFFDM88CA,26,221.10,住家用,鋼筋混凝土造,81年12月3日,三層,一層 二層 三層
RPRNMLLMJHOFFEM98DA,37,143.09,住商用,鋼筋混凝土加強磚造,70年12月30日,三層,一層 二層 三層 騎樓
RPPNMLKLJHOFFCM28CA,45,61.87,住家用,磚造,62年12月10日,一層,一層 騎樓
RPQNMLRKJHOFFBM88CA,21,120.01,住家用,鋼筋混凝土造,86年6月30日,三層,一層 二層 三層
RPQNMLRKJHOFFBM88CA,21,.17,見其他登記事項,鋼筋混凝土造,86年6月30日,一層,
RPQNMLRKJHOFFBM88CA,21,35.47,停車空間,鋼筋混凝土造,86年6月30日,地下層,
RPQOMLQKJHOFFAM78CA,,61.29,見其他登記事項,鋼筋混凝土造,107年9月13日,五層,二層
RPQOMLQKJHOFFAM78CA,,15.35,見其他登記事項,鋼筋混凝土造,107年9月13日,五層,
RPTOMLQKJHOFFAM09CA,,244.94,住家用,鋼筋混凝土造,107年10月8日,四層,一層 二層 三層 四層
RPSNMLLJKHOFFBM48CA,12,154.11,住家用,鋼筋混凝土造,95年11月29日,三層,一層 二層 三層 屋頂突出物
RPVOMLQKJHOFFAM66CA,,181.41,見其他登記事項,鋼筋混凝土造,107年10月8日,三層,一層 二層 三層 屋頂突出物
RPUOMLQKJHOFFAM56CA,,198.70,見其他登記事項,鋼筋混凝土造,107年10月8日,三層,一層 二層 三層 屋頂突出物
RPXPMLMKKHOFFBM76CA,1,192.78,見其他登記事項,鋼筋混凝土造,106年12月20日,四層,一層 二層 三層 四層 見其他登記事項
RPXPMLMKKHOFFBM76CA,1,.18,見其他登記事項,鋼筋混凝土造,106年12月20日,九層,
RPQNMLPLJHOFFAM68CA,1,210.74,住家用,鋼筋混凝土造,106年12月14日,四層,一層 二層 三層 四層
RPPQMLSKJHOFFAM09CA,,236.67,住家用,鋼筋混凝土造,107年10月8日,四層,一層 二層 三層 四層
RPWNMLTKJHOFFBM07CA,14,159.53,住家用,鋼筋混凝土造,93年10月15日,四層,一層 二層 三層 四層
RPWNMLTLJHOFFAM07CA,2,170.29,見其他登記事項,鋼筋混凝土造,105年8月1日,三層,一層 二層 三層 屋頂突出物
RPSNMLNLJHOFFAM68CA,30,110.01,住家用,加強磚造,77年11月23日,二層,一層 二層
RPSNMLMLJHOFFAM58CA,56,148.97,見其他登記事項,鋼筋混凝土造,52年6月14日,二層,一層 二層
RPXNMLMLJHOFFAM09CA,24,98.74,住家用,鋼筋混凝土造,83年11月9日,十六層,十三層
RPXNMLMLJHOFFAM09CA,24,21.33,見其他登記事項,鋼筋混凝土造,83年11月9日,十六層,
RPXPMLSKJHOFFAM17CA,20,64.31,住家用,鋼筋混凝土造,88年1月26日,五層,二層
RPXPMLSKJHOFFAM17CA,20,6.16,住家用,鋼筋混凝土造,88年1月26日,五層,
RPRNMLNLJHOFFAM58CA,14,89.53,住家用,鋼筋混凝土造,93年12月28日,十二層,六層
RPRNMLNLJHOFFAM58CA,14,7.28,住家用,鋼筋混凝土造,93年12月28日,十二層,
RPRNMLNLJHOFFAM58CA,14,4.94,見其他登記事項,鋼筋混凝土造,93年12月28日,十二層,
RPRNMLNLJHOFFAM58CA,14,7.28,住家用,鋼筋混凝土造,93年12月28日,十二層,
RPRNMLNLJHOFFAM58CA,14,4.94,見其他登記事項,鋼筋混凝土造,93年12月28日,十二層,
RPVNMLMLJHOFFAM88CA,21,127.22,住家用,鋼筋混凝土造,87年4月20日,三層,一層 二層 三層
RPWNMLRKJHOFFAM76CA,37,93.23,住家用,鋼筋混凝土加強磚造,70年11月13日,四層,四層
RPWNMLRKJHOFFAM76CA,37,7.26,見其他登記事項,鋼筋混凝土加強磚造,70年11月12日,地下層,
RPQPMLRKJHOFFAM98CA,,177.53,見其他登記事項,鋼筋混凝土造,107年10月8日,三層,一層 二層 三層 屋頂突出物
RPOOMLPKJHOFFAM48CA,,230.48,見其他登記事項,鋼筋混凝土造,107年10月8日,三層,一層 二層 三層 屋頂突出物
RPTNMLSKJHOFFCM76CA,2,204.74,見其他登記事項,鋼筋混凝土造,105年11月29日,四層,一層 二層 三層 四層 見其他登記事項
RPQNMLTKJHOFFBM09CA,1,197.09,見其他登記事項,鋼筋混凝土造,106年10月3日,三層,一層 二層 三層 見其他登記事項
RPPNMLSKJHOFFDM09CA,23,46.00,見其他登記事項,鋼筋混凝土造,85年3月9日,七層,二層
RPPNMLSKJHOFFDM09CA,23,8.63,見其他登記事項,鋼筋混凝土造,85年3月9日,七層,
RPPNMLSKJHOFFDM09CA,23,10.00,見其他登記事項,鋼筋混凝土造,85年3月9日,七層,
RPRNMLLJKHOFFCM48CA,60,134.55,住商用,鋼筋混凝土加強磚造,47年6月15日,三層,一層 二層 三層 騎樓
RPPOMLPKJHOFFAM58CA,,179.52,見其他登記事項,鋼筋混凝土造,107年10月8日,三層,一層 二層 三層 屋頂突出物
RPRNMLLJKHOFFEM68CA,20,394.33,見其他登記事項,見其他登記事項,87年11月6日,二層,一層 二層
RPQNMLNLJHOFFEM98DA,22,145.29,住商用,鋼筋混凝土造,86年2月15日,四層,一層 二層 三層 四層
RPOOMLSKJHOFFCM98CA,40,97.44,住商用,鋼筋混凝土加強磚造,68年3月4日,二層,一層 二層 騎樓
RPPNMLKLJHOFFDM38CA,16,95.90,農舍,鋼造,91年9月12日,一層,一層
RPQOMLOLJHOFFCM88CA,40,128.20,住商用,加強磚造,67年12月18日,二層,一層 二層 騎樓
RPQNMLOLJHOFFDM88CA,,100.08,住家用,鋼筋混凝土加強磚造,,三層,一層 二層 三層
RPOQMLSKJHOFFAM98CA,24,227.74,住家用,鋼筋混凝土造,83年8月25日,四層,一層 二層 三層 四層 屋頂突出物 地下層
RPRPMLRKJHOFFAM09CA,,197.38,見其他登記事項,鋼筋混凝土造,107年10月8日,三層,一層 二層 三層 屋頂突出物
RPSOMLSKJHOFFAM56CA,,209.00,見其他登記事項,鋼筋混凝土造,107年10月8日,三層,一層 二層 三層 屋頂突出物
RPXNMLTLJHOFFDM47CA,28,172.47,住家用,加強磚造,79年7月27日,三層,一層 二層 三層
RPSNMLLMJHOFFAM58CA,,217.50,見其他登記事項,鋼筋混凝土造,107年11月22日,三層,一層 二層 三層 屋頂突出物
RPOPMLSLJHOFFCM56CA,40,196.48,住家用,加強磚造,68年1月1日,二層,一層 二層
RPTNMLTKJHOFFAM66CA,,230.45,見其他登記事項,鋼筋混凝土造,107年10月8日,三層,一層 二層 三層 屋頂突出物
RPRNMLKLJHOFFAM28CA,,230.03,見其他登記事項,鋼筋混凝土造,107年7月9日,四層,一層 二層 三層 四層 屋頂突出物
RPSNMLLLJHOFFAM48CA,38,109.12,住商用,鋼筋混凝土加強磚造,69年11月26日,二層,一層 二層 騎樓
RPTOMLSKJHOFFAM66CA,,184.22,見其他登記事項,鋼筋混凝土造,107年10月8日,三層,一層 二層 三層 屋頂突出物
RPWOMLSKJHOFFAM96CA,,194.56,見其他登記事項,鋼筋混凝土造,107年10月8日,三層,一層 二層 三層 屋頂突出物
RPVOMLSKJHOFFAM86CA,,181.29,見其他登記事項,鋼筋混凝土造,107年10月8日,三層,一層 二層 三層 屋頂突出物
RPROMLSLJHOFFCM76CA,3,212.23,見其他登記事項,鋼筋混凝土造,104年12月29日,三層,一層 二層 三層 見其他登記事項
RPUOMLSLJHOFFCM07CA,21,145.18,住家用,鋼筋混凝土造,86年9月15日,三層,一層 二層 三層
RPPNMLKLJHOFFAM08CA,1,180.81,住家用,鋼筋混凝土造,106年10月2日,四層,一層 二層 三層 四層
RPPNMLTKJHOFFCM09CA,23,377.91,農舍,加強磚造,85年1月17日,二層,一層 二層
RPTNMLLKKHOFFBM68CA,5,261.75,見其他登記事項,鋼筋混凝土造,102年10月29日,三層,一層 二層 三層 見其他登記事項
RPXNMLSKJHOFFCM17CA,26,105.63,見其他登記事項,鋼筋混凝土造,82年1月20日,三層,一層 二層 三層 騎樓
RPXNMLSKJHOFFCM17CA,26,105.63,見其他登記事項,鋼筋混凝土造,82年1月20日,三層,一層 二層 三層 騎樓
RPPNMLOKKHOFFBM58CA,34,185.40,住商用,鋼筋混凝土造,73年9月3日,三層,一層 二層 三層 騎樓
RPWOMLMLJHOFFCM66CA,24,123.95,見其他登記事項,鋼筋混凝土造,83年12月31日,十二層,六層
RPWOMLMLJHOFFCM66CA,24,27.40,見其他登記事項,鋼筋混凝土造,83年12月31日,十二層,
RPRNMLTKJHOFFDM76CA,45,28.80,住家用,鋼筋混凝土加強磚造,62年10月29日,二層,一層 二層
RPRNMLTKJHOFFDM76CA,45,28.80,住家用,鋼筋混凝土加強磚造,62年10月29日,二層,一層 二層
RPUNMLMLJHOFFAM78CA,19,7607.09,見其他登記事項,見其他登記事項,88年7月1日,二層,一層 二層 地下層 見其他登記事項
RPUNMLMLJHOFFAM78CA,19,3838.87,見其他登記事項,見其他登記事項,88年11月15日,四層,一層 二層 三層 四層 屋頂突出物
RPQNMLTLJHOFFDM76CA,44,80.00,住家用,鋼筋混凝土加強磚造,64年4月18日,二層,一層 二層
RPSNMLTKJHOFFDM86CA,39,106.68,住家用,鋼筋混凝土加強磚造,69年3月27日,二層,一層 二層 騎樓
RPTNMLLJKHOFFEM88CA,38,106.58,住家用,鋼筋混凝土加強磚造,70年6月30日,二層,一層 二層
RPQNMLSLJHOFFDM66CA,1,201.99,見其他登記事項,鋼筋混凝土造,106年7月19日,三層,一層 二層 三層 見其他登記事項
RPRNMLTKJHOFFBM66DA,4,215.72,見其他登記事項,鋼筋混凝土造,104年3月27日,四層,一層 二層 三層 四層
RPVNMLPLJHOFFBM66CA,46,88.16,住家用,鋼筋混凝土加強磚造,61年10月31日,二層,一層 二層
RPQNMLTKJHOFFDM66CA,17,176.06,住家用,鋼筋混凝土造,90年8月31日,三層,一層 二層 三層 電梯樓梯間
RPOOMLTKJHOFFAM98DA,24,173.36,住家用,鋼筋混凝土造,83年10月7日,四層,一層 二層 三層 四層
RPOOMLTKJHOFFAM98DA,24,46.66,見其他登記事項,鋼筋混凝土造,83年10月7日,十一層,
RPQNMLMLJHOFFAM38CA,25,158.78,住家用,鋼筋混凝土造,83年1月10日,三層,一層 二層 三層 屋頂突出物
RPPNMLSLJHOFFBM98CA,,188.51,見其他登記事項,鋼筋混凝土造,107年9月10日,三層,一層 二層 三層 見其他登記事項
RPWNMLMLJHOFFAM98CA,25,86.24,住家用,鋼筋混凝土造,82年11月10日,十四層,八層
RPWNMLMLJHOFFAM98CA,25,10.84,見其他登記事項,鋼筋混凝土造,82年11月10日,十四層,
RPWNMLMLJHOFFAM98CA,25,9.22,見其他登記事項,鋼筋混凝土造,82年11月10日,十四層,
RPTNMLMLJHOFFAM68CA,39,103.22,住家用,鋼筋混凝土加強磚造,68年12月22日,二層,一層 二層
RPSNMLOKKHOFFAM78CA,40,84.00,住商用,鋼筋混凝土加強磚造,68年1月26日,二層,一層 二層 騎樓
RPRNMLMLJHOFFAM48CA,,320.31,見其他登記事項,鋼筋混凝土造,107年10月8日,三層,一層 二層 三層 屋頂突出物
RPVNMLNKKHOFFBM09CA,22,126.60,住家用,鋼筋混凝土造,86年6月30日,三層,一層 二層 三層
RPVNMLNKKHOFFBM09CA,22,.18,見其他登記事項,鋼筋混凝土造,86年6月30日,一層,
RPVNMLNKKHOFFBM09CA,22,37.13,停車空間,鋼筋混凝土造,86年6月30日,地下層,
RPPNMLSLJHOFFAM88CA,34,134.25,住家用,加強磚造,74年6月26日,二層,一層 二層
RPTNMLOLJHOFFAM88CA,2,88.61,見其他登記事項,鋼筋混凝土造,106年1月19日,五層,二層
RPTNMLOLJHOFFAM88CA,2,35.86,見其他登記事項,鋼筋混凝土造,106年1月19日,五層,
RPTNMLOLJHOFFAM88CA,2,6.88,停車空間,鋼筋混凝土造,106年1月19日,五層,
RPTOMLNLJHOFFAM88CA,24,92.35,住家用,鋼筋混凝土造,84年2月16日,十三層,十一層
RPTOMLNLJHOFFAM88CA,24,23.37,見其他登記事項,鋼筋混凝土造,84年2月16日,十三層,
RPTOMLNLJHOFFAM88CA,24,12.67,停車空間,鋼筋混凝土造,84年2月16日,十三層,
RPXNMLMKKHOFFAM09CA,,80.94,見其他登記事項,鋼筋混凝土造,107年9月13日,五層,五層
RPXNMLMKKHOFFAM09CA,,20.26,見其他登記事項,鋼筋混凝土造,107年9月13日,五層,
RPPNMLNKKHOFFAM38CA,20,90.85,住家用,鋼筋混凝土造,87年10月27日,十三層,十三層
RPPNMLNKKHOFFAM38CA,20,34.20,見其他登記事項,鋼筋混凝土造,87年10月27日,十三層,
RPTNMLPLJHOFFBM09CA,28,128.90,住家用,鋼筋混凝土造,79年12月26日,二層,一層 二層
RPUNMLLMJHOFFBM88CA,38,63.66,住家用,鋼筋混凝土加強磚造,69年12月18日,二層,一層 二層
RPUPMLMKKHOFFBM09CA,,69.76,見其他登記事項,鋼筋混凝土造,107年11月27日,九層,九層
RPUPMLMKKHOFFBM09CA,,64.66,見其他登記事項,鋼筋混凝土造,107年11月27日,九層,
RPWPMLMKKHOFFBM66CA,,58.21,見其他登記事項,鋼筋混凝土造,107年11月27日,九層,九層
RPWPMLMKKHOFFBM66CA,,59.48,見其他登記事項,鋼筋混凝土造,107年11月27日,九層,
RPUNMLPLJHOFFBM56CA,21,204.56,農舍,鋼筋混凝土造,87年1月16日,三層,一層 二層 三層 屋頂突出物
RPXNMLMKKHOFFBM56CA,,59.63,見其他登記事項,鋼筋混凝土造,107年11月27日,九層,二層
RPXNMLMKKHOFFBM56CA,,60.07,見其他登記事項,鋼筋混凝土造,107年11月27日,九層,
RPVOMLMKKHOFFBM09CA,,61.56,見其他登記事項,鋼筋混凝土造,107年11月27日,九層,六層
RPVOMLMKKHOFFBM09CA,,60.95,見其他登記事項,鋼筋混凝土造,107年11月27日,九層,
RPSOMLMKKHOFFBM78CA,,61.61,見其他登記事項,鋼筋混凝土造,107年11月27日,九層,四層
RPSOMLMKKHOFFBM78CA,,60.95,見其他登記事項,鋼筋混凝土造,107年11月27日,九層,
RPOPMLMKKHOFFBM48CA,,56.98,見其他登記事項,鋼筋混凝土造,107年11月27日,九層,六層
RPOPMLMKKHOFFBM48CA,,58.90,見其他登記事項,鋼筋混凝土造,107年11月27日,九層,
RPQOMLTLJHOFFCM76CA,39,76.57,住商用,鋼筋混凝土加強磚造,68年2月12日,二層,一層 二層 騎樓
RPQPMLMKKHOFFBM68CA,,59.66,見其他登記事項,鋼筋混凝土造,107年11月27日,九層,七層
RPQPMLMKKHOFFBM68CA,,60.07,見其他登記事項,鋼筋混凝土造,107年11月27日,九層,
RPSPMLMKKHOFFBM88CA,,77.35,見其他登記事項,鋼筋混凝土造,107年11月27日,九層,七層
RPSPMLMKKHOFFBM88CA,,67.98,見其他登記事項,鋼筋混凝土造,107年11月27日,九層,
RPTNMLLJKHOFFCM68CA,4,236.27,見其他登記事項,鋼筋混凝土造,104年6月3日,三層,一層 二層 三層 見其他登記事項
RPSNMLLLJHOFFDM78CA,32,185.97,住家用,鋼筋混凝土加強磚造,75年9月30日,二層,一層 二層
RPSNMLNLJHOFFDM98CA,41,148.76,住商用,鋼筋混凝土加強磚造,67年1月15日,二層,一層 二層 騎樓
RPRNMLKMJHOFFDM68CA,29,111.20,住家用,加強磚造,79年1月3日,二層,一層 二層
RPTNMLNLJHOFFDM09CA,38,89.90,住家用,鋼筋混凝土加強磚造,69年9月27日,二層,一層 二層
RPOOMLSLJHOFFCM09CA,17,165.42,見其他登記事項,鋼骨鋼筋混凝土造,90年10月17日,四層,一層 二層 三層 四層
RPQOMLSLJHOFFCM66CA,26,176.19,住家用,鋼筋混凝土造,81年8月19日,三層,一層 二層 三層
RPSOMLSLJHOFFCM86CA,26,217.74,見其他登記事項,鋼筋混凝土造,81年11月26日,四層,一層 二層 三層 四層 騎樓
RPSNMLTKKHOFFCM86CA,97,66.46,住家用,見其他登記事項,10年8月10日,一層,一層
RPPNMLKMJHOFFBM28CA,4,321.87,見其他登記事項,鋼筋混凝土造,103年12月3日,四層,一層 二層 三層 四層 見其他登記事項
RPSNMLMLJHOFFBM68CA,,79.06,見其他登記事項,鋼筋混凝土造,107年6月7日,十五層,十五層
RPSNMLMLJHOFFBM68CA,,72.49,見其他登記事項,鋼筋混凝土造,107年6月7日,十五層,
RPRNMLNLJHOFFBM68CA,12,137.52,住家用,鋼筋混凝土造,96年1月31日,三層,一層 二層 三層
RPVNMLTKKHOFFBM07CA,,177.24,見其他登記事項,鋼筋混凝土造,107年8月22日,三層,一層 二層 三層 見其他登記事項
RPVNMLTKKHOFFBM07CA,,.15,見其他登記事項,鋼筋混凝土造,107年8月22日,一層,
RPSNMLPLJHOFFBM98CA,23,20.26,住家用,鋼筋混凝土造,84年9月27日,十二層,五層
RPSNMLPLJHOFFBM98CA,23,6.13,見其他登記事項,鋼筋混凝土造,84年9月27日,十二層,
RPOQMLMKKHOFFBM58CA,23,163.94,住家用,鋼筋混凝土造,85年6月7日,五層,三層 四層 五層 屋頂突出物
RPOQMLMKKHOFFBM58CA,23,64.75,見其他登記事項,鋼筋混凝土造,85年6月7日,五層,
RPUOMLMLJHOFFAM88CA,,223.48,見其他登記事項,鋼筋混凝土造,107年7月9日,三層,一層 二層 三層 屋頂突出物
RPROMLMLJHOFFAM58CA,,194.56,見其他登記事項,鋼筋混凝土造,107年10月8日,三層,一層 二層 三層 屋頂突出物
RPVNMLLJKHOFFAM68CA,,54.58,見其他登記事項,鋼筋混凝土造,107年9月13日,五層,四層
RPVNMLLJKHOFFAM68CA,,13.68,見其他登記事項,鋼筋混凝土造,107年9月13日,五層,
RPQNMLMKKHOFFAM38CA,24,88.60,住家用,鋼筋混凝土造,83年10月7日,十一層,七層
RPQNMLMKKHOFFAM38CA,24,35.57,見其他登記事項,鋼筋混凝土造,83年10月7日,十一層,
RPVNMLPKKHOFFAM56CA,1,182.67,見其他登記事項,鋼筋混凝土造,107年4月26日,四層,一層 二層 三層 四層 見其他登記事項
RPQNMLOLJHOFFAM58CA,2,232.00,見其他登記事項,鋼筋混凝土造,106年5月19日,三層,一層 二層 三層
RPSNMLPLJHOFFAM88CA,,230.03,見其他登記事項,鋼筋混凝土造,107年7月9日,四層,一層 二層 三層 四層 屋頂突出物
RPPNMLOLJHOFFCM68CA,38,85.20,住家用,加強磚造,69年12月26日,二層,一層 二層
RPRNMLTKKHOFFBM66CA,,177.24,見其他登記事項,鋼筋混凝土造,107年8月22日,三層,一層 二層 三層 見其他登記事項
RPRNMLTKKHOFFBM66CA,,.15,見其他登記事項,鋼筋混凝土造,107年8月22日,一層,
RPSNMLTKKHOFFBM76CA,,177.24,見其他登記事項,鋼筋混凝土造,107年8月22日,三層,一層 二層 三層 見其他登記事項
RPSNMLTKKHOFFBM76CA,,.15,見其他登記事項,鋼筋混凝土造,107年8月22日,一層,
RPTNMLTKKHOFFBM86CA,,194.32,見其他登記事項,鋼筋混凝土造,107年8月22日,三層,一層 二層 三層 見其他登記事項
RPTNMLTKKHOFFBM86CA,,.15,見其他登記事項,鋼筋混凝土造,107年8月22日,一層,
RPUNMLTKKHOFFBM96CA,,177.24,見其他登記事項,鋼筋混凝土造,107年8月22日,三層,一層 二層 三層 見其他登記事項
RPUNMLTKKHOFFBM96CA,,.15,見其他登記事項,鋼筋混凝土造,107年8月22日,一層,
RPSNMLLLKHOFFCM78CA,23,137.28,住家用,鋼筋混凝土造,84年12月27日,三層,一層 二層 三層
RPROMLOLJHOFFCM98CA,21,167.32,住家用,鋼筋混凝土造,86年11月19日,四層,一層 二層 三層 四層
RPROMLOLJHOFFCM98CA,21,105.11,商業用,鋼筋混凝土造,86年11月19日,,
RPWNMLTLJHOFFDM37CA,36,87.16,見其他登記事項,鋼筋混凝土加強磚造,71年8月2日,二層,一層 二層
RPRNMLPLJHOFFDM09CA,1,180.88,住家用,鋼筋混凝土造,107年1月31日,三層,一層 二層 三層
RPPNMLQLKHOFFCM98CA,23,89.44,見其他登記事項,鋼筋混凝土造,84年10月2日,七層,七層
RPPNMLQLKHOFFCM98CA,23,26.71,見其他登記事項,鋼筋混凝土造,84年10月2日,七層,
RPPNMLPLJHOFFDM88CA,7,163.17,農舍,鋼筋混凝土造,101年3月8日,二層,一層 二層
RPWNMLSKKHOFFDM27CA,38,65.56,住家用,鋼筋混凝土加強磚造,69年12月18日,一層,一層
RPWNMLTKKHOFFBM17CA,,187.09,見其他登記事項,鋼筋混凝土造,107年8月22日,三層,一層 二層 三層 見其他登記事項
RPWNMLTKKHOFFBM17CA,,.15,見其他登記事項,鋼筋混凝土造,107年8月22日,一層,
RPXNMLTKKHOFFBM27CA,,177.24,見其他登記事項,鋼筋混凝土造,107年8月22日,三層,一層 二層 三層 見其他登記事項
RPXNMLTKKHOFFBM27CA,,.15,見其他登記事項,鋼筋混凝土造,107年8月22日,一層,
RPPNMLTLJHOFFBM09CA,39,151.66,農舍,鋼筋混凝土加強磚造,68年9月14日,二層,一層 二層
RPOOMLPLJHOFFAM58CA,24,88.60,住家用,鋼筋混凝土造,83年10月7日,十一層,六層
RPOOMLPLJHOFFAM58CA,24,36.33,見其他登記事項,鋼筋混凝土造,83年10月7日,十一層,
RPSNMLPLKHOFFAM98CA,11,187.61,農舍,鋼筋混凝土造,96年12月18日,三層,一層 二層 三層
RPRNMLTLJHOFFBM66CA,24,186.20,住家用,鋼筋混凝土造,83年12月16日,五層,一層 二層 三層 四層 五層
RPRNMLTLJHOFFAM56CA,1,524.83,見其他登記事項,鋼骨鋼筋混凝土造,106年6月30日,一層,一層
RPSNMLSKKHOFFCM76CA,35,159.83,住商用,鋼筋混凝土造,73年6月28日,三層,一層 二層 三層 騎樓
RPQNMLTLJHOFFBM56CA,24,137.31,住家用,鋼筋混凝土造,84年3月8日,三層,一層 二層 三層
RPPOMLTKKHOFFBM56CA,,161.09,見其他登記事項,鋼筋混凝土造,107年8月22日,三層,一層 二層 三層 見其他登記事項
RPPOMLTKKHOFFBM56CA,,.15,見其他登記事項,鋼筋混凝土造,107年8月22日,一層,
RPOOMLTKKHOFFBM09CA,,177.24,見其他登記事項,鋼筋混凝土造,107年8月22日,三層,一層 二層 三層 見其他登記事項
RPOOMLTKKHOFFBM09CA,,.15,見其他登記事項,鋼筋混凝土造,107年8月22日,一層,
RPQNMLTLJHOFFAM09CA,18,169.09,住家用,鋼筋混凝土造,90年1月18日,三層,一層 二層 三層 屋頂突出物
RPVNMLKMJHOFFAM78CA,,182.38,見其他登記事項,鋼筋混凝土造,107年10月11日,三層,一層 二層 三層 屋頂突出物
RPWNMLKMJHOFFAM88CA,,177.19,見其他登記事項,鋼筋混凝土造,107年10月11日,三層,一層 二層 三層 屋頂突出物
RPVNMLTLJHOFFBM07CA,28,157.86,見其他登記事項,鋼筋混凝土造,79年11月19日,三層,一層 二層 三層
RPPNMLSLJHOFFCM09CA,45,102.00,住商用,鋼筋混凝土加強磚造,63年6月8日,二層,一層 二層 騎樓
RPVOMLSLJHOFFCM17CA,37,46.44,住家用,加強磚造,71年3月1日,一層,一層
RPXNMLTLJHOFFCM37CA,27,217.62,農舍,加強磚造,81年4月1日,二層,一層 二層
RPXNMLPLJHOFFCM96CA,47,90.00,住家用,見其他登記事項,,一層,一層
RPSOMLLMJHOFFCM88CA,31,163.62,住家用,鋼筋混凝土造,77年1月16日,二層,一層 二層
RPOPMLTLJHOFFCM66CA,24,237.18,住家用,鋼筋混凝土造,84年2月24日,三層,一層 二層 三層
RPVNMLSKKHOFFDM17CA,,194.67,住家用,鋼筋混凝土造,107年11月15日,三層,一層 二層 三層
RPQNMLNKKHOFFDM78CA,2,245.75,見其他登記事項,鋼筋混凝土造,106年5月3日,三層,一層 二層 三層 見其他登記事項
RPRNMLMKKHOFFCM68CA,24,31.99,見其他登記事項,鋼筋混凝土造,83年10月13日,十二層,五層
RPRNMLMKKHOFFCM68CA,24,16.30,見其他登記事項,鋼筋混凝土造,83年10月13日,十二層,
RPTNMLTKKHOFFCM96CA,6,151.11,住家用,鋼筋混凝土造,101年8月22日,三層,一層 二層 三層
RPQNMLLMJHOFFDM68CA,28,167.96,住家用,鋼筋混凝土造,79年9月12日,三層,一層 二層 三層 地下層
RPPNMLPLKHOFFCM88CA,48,84.12,住家用,鋼筋混凝土加強磚造,60年6月21日,二層,一層 二層
RPRNMLPKKHOFFDM09CA,2,200.84,見其他登記事項,鋼筋混凝土造,106年1月23日,五層,一層 二層 三層 四層 五層
RPWOMLMKKHOFFBM56CA,,76.16,見其他登記事項,鋼筋混凝土造,107年11月27日,九層,六層
RPWOMLMKKHOFFBM56CA,,67.49,見其他登記事項,鋼筋混凝土造,107年11月27日,九層,
RPRPMLMKKHOFFBM78CA,,59.64,見其他登記事項,鋼筋混凝土造,107年11月27日,九層,七層
RPRPMLMKKHOFFBM78CA,,60.07,見其他登記事項,鋼筋混凝土造,107年11月27日,九層,
RPVPMLMKKHOFFBM56CA,,78.55,見其他登記事項,鋼筋混凝土造,107年11月27日,九層,九層
RPVPMLMKKHOFFBM56CA,,68.57,見其他登記事項,鋼筋混凝土造,107年11月27日,九層,
RPROMLTKKHOFFBM76CA,,161.09,見其他登記事項,鋼筋混凝土造,107年8月22日,三層,一層 二層 三層 見其他登記事項
RPROMLTKKHOFFBM76CA,,.15,見其他登記事項,鋼筋混凝土造,107年8月22日,一層,
RPTPMLMKKHOFFBM98CA,,59.64,見其他登記事項,鋼筋混凝土造,107年11月27日,九層,八層
RPTPMLMKKHOFFBM98CA,,60.07,見其他登記事項,鋼筋混凝土造,107年11月27日,九層,
RPXOMLMKKHOFFBM66CA,,59.64,見其他登記事項,鋼筋混凝土造,107年11月27日,九層,六層
RPXOMLMKKHOFFBM66CA,,60.07,見其他登記事項,鋼筋混凝土造,107年11月27日,九層,
RPQOMLTKKHOFFBM66CA,,161.09,見其他登記事項,鋼筋混凝土造,107年8月22日,三層,一層 二層 三層 見其他登記事項
RPQOMLTKKHOFFBM66CA,,.15,見其他登記事項,鋼筋混凝土造,107年8月22日,一層,
RPPPMLMKKHOFFBM58CA,,60.52,見其他登記事項,鋼筋混凝土造,107年11月27日,九層,七層
RPPPMLMKKHOFFBM58CA,,60.46,見其他登記事項,鋼筋混凝土造,107年11月27日,九層,
RPTOMLMKKHOFFBM88CA,,59.64,見其他登記事項,鋼筋混凝土造,107年11月27日,九層,四層
RPTOMLMKKHOFFBM88CA,,26.66,見其他登記事項,鋼筋混凝土造,107年11月27日,九層,
RPVNMLMKKHOFFBM98CA,,41.79,見其他登記事項,鋼筋混凝土造,107年11月27日,九層,三層
RPVNMLMKKHOFFBM98CA,,18.66,見其他登記事項,鋼筋混凝土造,107年11月27日,九層,
RPSOMLTKKHOFFBM86CA,,161.09,見其他登記事項,鋼筋混凝土造,107年8月22日,三層,一層 二層 三層 見其他登記事項
RPSOMLTKKHOFFBM86CA,,.15,見其他登記事項,鋼筋混凝土造,107年8月22日,一層,
RPUNMLTLJHOFFBM96CA,6,253.67,住家用,鋼筋混凝土造,102年5月28日,四層,一層 二層 三層 四層
RPUNMLMKKHOFFBM88CA,,60.77,見其他登記事項,鋼筋混凝土造,107年11月27日,九層,三層
RPUNMLMKKHOFFBM88CA,,60.56,見其他登記事項,鋼筋混凝土造,107年11月27日,九層,
RPWNMLMKKHOFFBM09CA,,39.46,見其他登記事項,鋼筋混凝土造,107年11月27日,九層,二層
RPWNMLMKKHOFFBM09CA,,51.08,見其他登記事項,鋼筋混凝土造,107年11月27日,九層,
RPTOMLTKKHOFFBM96CA,,161.09,見其他登記事項,鋼筋混凝土造,107年8月22日,三層,一層 二層 三層 見其他登記事項
RPTOMLTKKHOFFBM96CA,,.15,見其他登記事項,鋼筋混凝土造,107年8月22日,一層,
RPOOMLMKKHOFFBM38CA,,77.29,見其他登記事項,鋼筋混凝土造,107年11月27日,九層,三層
RPOOMLMKKHOFFBM38CA,,67.98,見其他登記事項,鋼筋混凝土造,107年11月27日,九層,
RPROMLMKKHOFFBM68CA,,56.98,見其他登記事項,鋼筋混凝土造,107年11月27日,九層,三層
RPROMLMKKHOFFBM68CA,,25.49,見其他登記事項,鋼筋混凝土造,107年11月27日,九層,
RPTNMLTLJHOFFAM76CA,,356.25,住家用,鋼筋混凝土造,107年10月8日,四層,一層 二層 三層 四層
RPQOMLMKKHOFFBM58CA,,77.29,見其他登記事項,鋼筋混凝土造,107年11月27日,九層,三層
RPQOMLMKKHOFFBM58CA,,67.98,見其他登記事項,鋼筋混凝土造,107年11月27日,九層,
RPPOMLMKKHOFFBM48CA,,59.66,見其他登記事項,鋼筋混凝土造,107年11月27日,九層,三層
RPPOMLMKKHOFFBM48CA,,60.07,見其他登記事項,鋼筋混凝土造,107年11月27日,九層,
RPPNMLLJKHOFFAM08CA,1,241.55,見其他登記事項,鋼筋混凝土造,107年1月18日,四層,一層 二層 三層 四層
RPOOMLLMJHOFFAM28CA,21,146.86,住商用,鋼筋混凝土造,87年6月9日,三層,一層 二層 三層 屋頂突出物
RPUOMLMKKHOFFBM98CA,,59.62,見其他登記事項,鋼筋混凝土造,107年11月27日,九層,五層
RPUOMLMKKHOFFBM98CA,,60.07,見其他登記事項,鋼筋混凝土造,107年11月27日,九層,
RPWNMLLJKHOFFAM78CA,,54.58,見其他登記事項,鋼筋混凝土造,107年9月13日,五層,二層
RPWNMLLJKHOFFAM78CA,,13.66,見其他登記事項,鋼筋混凝土造,107年9月13日,五層,
RPVOMLTKKHOFFBM17CA,,161.09,見其他登記事項,鋼筋混凝土造,107年8月22日,三層,一層 二層 三層 見其他登記事項
RPVOMLTKKHOFFBM17CA,,.15,見其他登記事項,鋼筋混凝土造,107年8月22日,一層,
RPUOMLTKKHOFFBM07CA,,161.09,見其他登記事項,鋼筋混凝土造,107年8月22日,三層,一層 二層 三層 見其他登記事項
RPUOMLTKKHOFFBM07CA,,.15,見其他登記事項,鋼筋混凝土造,107年8月22日,一層,
RPWNMLPKKHOFFAM66CA,1,182.67,見其他登記事項,鋼筋混凝土造,107年4月26日,四層,一層 二層 三層 四層 見其他登記事項
RPTNMLTKKHOFFAM76CA,25,99.53,住家用,鋼筋混凝土造,82年11月15日,三層,一層 二層 三層
RPXNMLKLKHOFFAM98CA,,105.72,住家用,鋼筋混凝土加強磚造,,二層,一層 二層
RPOPMLTKKHOFFBM56CA,,179.53,見其他登記事項,鋼筋混凝土造,107年8月22日,三層,一層 二層 三層 見其他登記事項
RPOPMLTKKHOFFBM56CA,,.15,見其他登記事項,鋼筋混凝土造,107年8月22日,一層,
RPWOMLTKKHOFFBM27CA,,177.53,見其他登記事項,鋼筋混凝土造,107年8月22日,四層,一層 二層 三層 四層
RPWOMLTKKHOFFBM27CA,,.15,見其他登記事項,鋼筋混凝土造,107年8月22日,一層,
RPQNMLLLKHOFFAM38CA,2,337.87,見其他登記事項,鋼筋混凝土造,106年1月25日,五層,一層 二層 三層 四層 五層 屋頂突出物 地下一層 見其他登記事項
RPQNMLLLKHOFFAM38CA,2,51.20,見其他登記事項,鋼筋混凝土造,106年1月25日,六層,
RPPNMLLLKHOFFAM28CA,2,407.03,見其他登記事項,鋼筋混凝土造,106年1月25日,五層,一層 二層 三層 四層 五層 屋頂突出物 地下一層 見其他登記事項
RPPNMLLLKHOFFAM28CA,2,60.71,見其他登記事項,鋼筋混凝土造,106年1月25日,六層,
RPPNMLKMJHOFFDM48CA,1,180.08,住家用,鋼筋混凝土造,107年1月31日,三層,一層 二層 三層
RPUNMLMLKHOFFCM09CA,41,71.13,住家用,鋼筋混凝土加強磚造,66年10月17日,二層,一層 二層
RPTNMLKMJHOFFAM68DA,17,142.84,住家用,鋼筋混凝土造,90年9月10日,三層,一層 二層 三層
RPQNMLLKKHOFFDM58CA,18,202.93,農舍,鋼筋混凝土造,89年12月30日,一層,一層
RPPPMLTKKHOFFBM66CA,,161.09,見其他登記事項,鋼筋混凝土造,107年8月22日,三層,一層 二層 三層 見其他登記事項
RPPPMLTKKHOFFBM66CA,,.15,見其他登記事項,鋼筋混凝土造,107年8月22日,一層,
RPQNMLLMJHOFFBM48CA,4,238.83,見其他登記事項,鋼筋混凝土造,103年11月28日,三層,一層 二層 三層 見其他登記事項
RPXOMLTKKHOFFBM37CA,,180.17,見其他登記事項,鋼筋混凝土造,107年8月22日,四層,一層 二層 三層 四層
RPXOMLTKKHOFFBM37CA,,.15,見其他登記事項,鋼筋混凝土造,107年8月22日,一層,
SPPNMLOLKHOFFBM78CA,37,364.35,住商用,鋼筋混凝土造,70年9月30日,四層,一層 二層 三層 四層 騎樓
RPQNMLOKKHOFFEM98CA,18,247.13,住家用,鋼筋混凝土造,90年2月1日,三層,一層 二層 三層 屋頂突出物
RPWNMLLMJHOFFAM98CA,5,268.66,見其他登記事項,鋼筋混凝土造,103年3月19日,四層,一層 二層 三層 四層
RPRNMLLLKHOFFAM48CA,27,77.47,住家用,鋼筋混凝土造,81年5月27日,五層,三層
RPRNMLLLKHOFFAM48CA,27,9.82,共有部份,鋼筋混凝土造,81年5月27日,五層,
RPPNMLOLKHOFFBM68CA,37,287.78,住商用,鋼筋混凝土造,70年9月30日,四層,一層 二層 三層 四層 騎樓
RPPNMLMJKHOFFAM18CA,1,185.95,住家用,鋼筋混凝土造,106年10月2日,四層,一層 二層 三層 四層
RPWNMLLJKHOFFBM88CA,29,196.39,住家用,鋼筋混凝土造,78年5月11日,二層,一層 二層 夾層
RPOOMLLJKHOFFBM18CA,3,220.18,見其他登記事項,鋼筋混凝土造,104年11月24日,三層,一層 二層 三層 見其他登記事項
RPUNMLLJKHOFFBM68CA,42,169.20,住商用,鋼筋混凝土加強磚造,66年6月22日,三層,一層 二層 三層 騎樓
RPSNMLKLKHOFFAM48CA,30,294.92,住家用,加強磚造,77年11月8日,二層,一層 二層 騎樓
RPUNMLPLKHOFFBM66CA,29,180.96,農舍,見其他登記事項,78年12月29日,二層,一層 二層
RPUNMLLJKHOFFAM58CA,,54.58,見其他登記事項,鋼筋混凝土造,107年9月13日,五層,五層
RPUNMLLJKHOFFAM58CA,,13.68,見其他登記事項,鋼筋混凝土造,107年9月13日,五層,
RPROMLLMJHOFFCM78CA,20,27.45,見其他登記事項,鋼筋混凝土造,87年12月31日,八層,五層
RPROMLLMJHOFFCM78CA,20,12.03,見其他登記事項,鋼筋混凝土造,87年12月31日,八層,
RPQNMLPLKHOFFAM78CA,11,92.94,住家用,鋼筋混凝土造,97年1月14日,三層,一層 二層 三層 屋頂突出物
RPRNMLPLKHOFFCM09CA,39,88.02,住家用,鋼筋混凝土造,69年5月1日,二層,一層 二層
RPQNMLPLKHOFFCM98CA,1,144.91,住家用,鋼筋混凝土造,107年5月15日,三層,一層 二層 三層
RPPNMLQLKHOFFBM88CA,,196.07,住家用,鋼筋混凝土造,107年10月4日,四層,一層 二層 三層 四層
RPPNMLLKKHOFFDM48CA,,146.70,住家用,鋼筋混凝土造,107年7月5日,三層,一層 二層 三層
RPRNMLLJKHOFFDM58CA,18,96.94,住家用,鋼筋混凝土造,89年8月4日,五層,一層
RPUNMLKLKHOFFCM88CA,23,328.77,住家用,鋼筋混凝土造,85年5月21日,三層,一層 二層 三層
RPXNMLLMJHOFFBM66DA,44,142.28,住家用,鋼筋混凝土加強磚造,64年4月11日,三層,一層 二層 三層
RPQNMLOLKHOFFDM98CA,,189.20,見其他登記事項,鋼筋混凝土造,107年11月13日,三層,一層 二層 三層 見其他登記事項
RPRNMLSKKHOFFCM66CA,24,247.55,住家用,鋼筋混凝土造,83年10月19日,四層,一層 二層 三層 四層 地下層
RPSNMLNKKHOFFBM88DA,49,80.16,住家用,鋼筋混凝土加強磚造,59年5月8日,二層,一層 二層
RPPNMLLKKHOFFAM28DA,13,174.03,住家用,鋼筋混凝土造,95年7月7日,四層,一層 二層 三層 四層
RPPNMLLJKHOFFBM28DA,25,25.10,住家用,鋼筋混凝土造,83年7月21日,十三層,五層
RPPNMLLJKHOFFBM28DA,25,14.39,見其他登記事項,鋼筋混凝土造,83年7月21日,十三層,
RPQOMLMLKHOFFAM58CA,23,90.57,住家用,鋼筋混凝土造,85年2月7日,八層,一層
RPQOMLMLKHOFFAM58CA,23,7.48,住家用,鋼筋混凝土造,85年2月7日,八層,
RPQOMLMLKHOFFAM58CA,23,25.89,住家用,鋼筋混凝土造,85年2月7日,八層,
RPUNMLMKKHOFFAM78CA,,213.70,住家用,鋼筋混凝土造,107年11月7日,四層,一層 二層 三層 四層
RPSNMLMKKHOFFAM58CA,,104.60,住家用,鋼筋混凝土造,107年11月7日,四層,一層 二層 三層 四層
RPSNMLMKKHOFFAM58CA,,104.60,住家用,鋼筋混凝土造,107年11月7日,四層,一層 二層 三層 四層
RPTNMLMKKHOFFAM68CA,,213.70,住家用,鋼筋混凝土造,107年11月7日,四層,一層 二層 三層 四層
RPVNMLMKKHOFFAM88CA,,223.66,住家用,鋼筋混凝土造,107年11月7日,四層,一層 二層 三層 四層
RPVNMLLKKHOFFAM78CA,,228.39,見其他登記事項,鋼筋混凝土造,107年7月9日,三層,一層 二層 三層 屋頂突出物
RPVNMLPLKHOFFBM76CA,30,117.09,農舍,鋼造,77年6月22日,一層,一層
